技术,参数-尺寸-角-环境-系数,温度,强度,能量,性能,度,率,量,值,设备,设计-制造,处理,评价-安全-强度,分析,有限元-模拟,理论-效应,疲劳,腐蚀,断裂,爆炸-火灾,损伤-缺陷-失效,检测-检验,预测-试验-实验-测试,接头,封头,壳-层-壁,接管,管道,法兰,螺,杆,管,轮,板,换热器,压力容器,容器,反应器,蒸发器,发生器,搅拌器,过滤器,过热器,器,球罐,储罐,罐,塔,瓶,釜,床,筒,炉,热,流-液,气-氢,酸,标准-规范-准则,法,场-方程-公式-模型,焊接,焊缝,焊,压力,应力-载荷	,力-功,钢,铁,钛,金-金属-材料,结构,性,变形-成形,形,水
储氢技术,组合校正系数,终轧温度,强度胀,低温冲击吸收能量KV2,性能,自重变形圆度,屈服率,涡通量,数值模型,超大型设备,应力分析设计,冷拉处理,核安全,回归分析,屈曲模拟计算,板壳理论,疲劳裂纹扩展,晶间腐蚀,三维断裂力学模型,爆炸窗口,失效机理,漏磁检测,应力测试,热熔接头,封头拼缝,外护层破坏,开孔接管补强,管道系统,人孔法兰,螺旋流,拉杆,管子管板焊缝,棘轮变形,塔板,网丝多孔式微型换热器,矩形截面压力容器,矩形截面容器,氯化反应器,蒸发器,蒸汽发生器,搅拌器,蒸汽过滤器,后屏过热器,氢气预热器,丙烯球罐,105m3储罐,内罐,CO2吸收塔,非重复充装钢瓶,卡箍式快开釜,吸收床,导流筒,气化炉,传热与流动准则式,全流通内夹套,扩散氢,有机酸,标准,激光扫描法,现场组对,翻边锥体焊接,曲线焊缝,焊材,接触压力,应力监测,内压和轴向力,304奥氏体不锈钢,磁铁,TA2纯钛,材料劣化,结构,弹性交互作用,挠曲变形,C形密封环,汽水循环
三项核心技术,塑性折减系数,转变温度,当量屈服强度,大线能量用钢,抗震性能,管板厚度,重复频率,对口错边量,K均值聚类,核电站主设备,模块化设计,球罐整体热处理,安全仪表系统SIS,自增强分析,模拟退火算法,理论研究,腐蚀疲劳,Cl应力腐蚀裂纹,韧性断裂,火灾爆炸,失效可能性,非开挖检测,测试,钢制对接焊接接头,碟形封头压力容器,层板,接管纵向弯矩,核辅助管道,长颈法兰,螺旋内肋扭曲管,导波杆,CrMo钢炉管,热应力棘轮,CAXA电子图板,高压换热器,复合材料缠绕压力容器,储氢容器,在役加氢反应器,乙二醇装置零效蒸发器,转化气蒸汽发生器,转定子式搅拌器,高压飞灰过滤器,蒸汽过热器,催化再生器,大型液化气球罐,石油储罐,丙烷卧罐,氨合成塔内件,高压空气瓶,脱蜡釜,焦床,筒体开孔补强,锅炉密封,加热槽,液化气体,空气侧压降,酸洗,规范标准,依法治特,Mises公式,异种钢焊接,309L焊缝金属,焊环,动水压力,最大Mises应力,冲击功,奥氏体不锈钢,铸铁,钛,镍基合金内环更换,裙座锻造结构,方向性,成形,V形密封槽,欧洲先进压水堆EPR
建造技术,磁硬度系数,非均匀温度场,高强度钢,能量,腐蚀性能,安全裕度,伸长率换算,参量,疲劳门槛值,核电设备用金属复合板,容器制造,消氢处理,安全附件,信号分析,水力模拟试验,有效应力图法,蠕变—疲劳,点腐蚀,沿晶断裂,泄放阀火灾,疑似缺陷,超声波检测,冷模试验,法兰螺栓接头,凹形封头,智能夹层,烧嘴接管,管道施工,法兰密封系统,螺旋槽机械密封,波导杆,翅片对流管,涡流轮廓曲线法,弓形折流板换热器,固定式换热器,核级压力容器,绕带容器,气相反应器,氯化钡蒸发器,核电蒸汽发生器,,,顶棚过热器,重沸器,10000m3球罐,立式储罐,外罐,吸收塔,CNG气瓶,超高压人造水晶釜,,锅筒,锅炉水,过热蒸汽流,气固两相流,高压加氢裂化,碳酸盐,材料规范,加载方法,应变硬化模型,圆形焊接附件,纯铝焊缝,CRC全自动焊,压力控制,应力评定,阻力特性,2020G钢,铁素体,钛材,钒微合金化,紧凑结构,经济性,成形工艺评定,形变诱导马氏体,连续注水
磁记忆技术,海洋环境,温度场分布,抗剪强度,能量释放,拉伸性能,粗糙度,升压速率,独立分量,数值模拟,大型化工设备,设计方法,调质处理,功能安全完整性评估,断裂分析,统计模拟,胶层效应,双轴疲劳,含硫腐蚀性杂质,等效断裂应变,爆炸复合板,缺陷的产生原因,TOFD自动超声检测,试验测试,胀接接头,带法兰封头,耐蚀层,焊接管道,蒸汽管道,法兰螺纹,螺纹锁紧环高压换热器,浮头式折流杆冷凝器,火管锅炉,多轮次,轧制复合钢板,加氢换热器,压力容器完整性,球形容器,煤业化反应器,油浆蒸发器,中压乙炔发生器,,,过热器,高压预冷器,乙烯低温球罐,支架式球形储罐,LNG罐箱,高耸塔,高纯气体气瓶,搪瓷反应釜,,锅筒纵缝,还原炉,双热丝钨极氩弧焊,液压胀接,高温气冷堆,硝酸盐,通用型焊接评定标准,田口方法,自增强模型,异种金属焊接,异种钢焊缝,焊道排布,事故压力,应力评估,惯性力,低温用钢,铸铁烘缸,工业纯钛,A350锻造材料,结构完整性,贯穿性裂纹,循环变形,伞形支架,水冷
自动化技术,参数化分析,温度范围,高温持久强度,线能量,阻力性能,极限浓度,传热效率,附加质量,数值研究,国产CF62钢制设备,设计疲劳曲线,处理工艺,安全性分析,接触分析,有限元模型,多轴棘轮效应,应力疲劳,腐蚀管理,弹塑性断裂,爆炸危害,缺陷定位,泄漏检测,重新评估试验,异质接头,球冠形中间封头,壁厚测定,矩形接管,管道焊接,锚固法兰,螺栓载荷,折流杆换热器,弯管,棘轮极限,金属复合板,微型换热器,齿啮式快开压力容器,低温容器,高温反应器,薄膜蒸发器,AP1000蒸汽发生器,,,余热锅炉过热器,100t变位器,天然气球罐,储罐模型,蜡油加氢热高分罐,氨合成塔,储氢瓶,反应釜,,圆筒,第一废热锅炉,热影响区,单元流道模型,煤制氢,连多硫酸,验收标准,SchwartzNeuman交替法,应力场,焊接工艺,铝焊缝,宽带极堆焊,临界压力,垫片应力分布,回弹力,X70钢,非铁基材料,碳化钛,材料选择,复杂结构,脆性破坏,预变形,正方形排布,静水压
固定式压力容器安全技术监察规程,TTP参数法,温度场,结构强度,大线能量焊接用钢,材料力学性能,接触宽度,功率谱,等效模量,权值差除法,主设备,优化设计,整体热处理,安全连锁,弹塑性应力分析方法,有限元法,热弹塑性效应,高温疲劳,腐蚀损伤,蠕变断裂,爆炸胀接,初始缺陷,检测方向,对比试验,T型接头,下封头,纵流壳程换热器,接管补强,海底管道,法兰结构,地脚螺栓,折流杆,金属波纹软管,棘轮,防波板,换热器圆筒,压力容器标准,液氢容器,加氢反应器,,,,,,汽水分离再热器MSR,不锈钢球罐,大型立式储罐,罐箱,放空塔,CNGⅡ气瓶,蒸压釜,,套筒,加压气化炉炉体,局部换热特性,气液两相流动,抗氢钢,托普索WSA制硫酸装置,标准漏孔,蒙特卡洛法,极限状态方程,深孔焊接,焊缝金属,等离子弧焊,标定爆破压力,一次应力,力磁耦合,980钢,铁基材料,钛材牌号,尿素级材料,微观结构,弹性安定性,温成形,断口形貌,回注水
TOFD检测技术,振型相关系数,温度分析,剪切强度,大焊接线能量用钢,性能分析,塔顶挠度的计算,失效概率,搭接量,侧膨胀值,脱硫设备,按分析设计,处理,安全等级划分,失效风险分析,三维有限元,套合效应,疲劳试验,硫化氢应力腐蚀损伤,断裂力学,火灾事故,塑性损伤,超声检测,冲击试验,法兰接头,标准椭圆封头,U型壳,多开孔接管,锅炉管道焊缝,焊唇密封法兰,螺纹锁紧环,小冲杆,管子,热棘轮,焊接试板,蓄热换热器,铸铁压力容器,2类容器,聚合反应器,,,,,,再生器,真空球罐,油气储罐,LPG覆土罐,异构化原料分离塔,缠绕气瓶,超高压水晶釜,,内衬筒,锅炉用钢,一维传热模型,液氨,去氢,醋酸,标准化残差法,屈服应力法,高温本构模型,焊接电极,环焊缝,半自动焊,自增强压力,最大周向应力,力学响应,SA516Gr70钢,球墨铸铁,钛合金,HP40合金,新型支承结构,水密性,失稳变形,胀形,给水
技术应用,环境加速因子,多温度,高强度钢瓶,小冲杆能量,传热性能,Cl浓度,压缩率,定量研究,数值计算,制氧设备,制造与检验,SR处理,安全,有限元应力分析,屈曲模拟,焦耳汤姆逊效应,热疲劳开裂,硫化氢腐蚀,延性断裂,爆炸成形,损伤积累,高效检测,测试方法,焊接接头,2∶1碟形封头,薄壁结构,正交接管,水平管道,整体法兰,螺纹联接,波形折流杆,管口焊,蠕变棘轮,板式热交换器,微通道换热器,反应堆压力容器钢,FRP复合材料容器,反应器,,,,,,并排塔器,乙烯球罐,原油储罐,沥青贮罐,常压塔,CNG2复合气瓶,加压釜,,短圆筒,氨氧化炉,热挤压,羽流现象,加氢尾油,酸洗钝化,工程标准,政策法规,简化模型,焊接残余应力,单面对接焊缝,冷焊,残余接触压力,环向膜应力,介质惯性力,钢结构,防铁污染,,金相组织,高温结构完整性,完整性评估,变形协调,形状允差,深水
技术装备,等效应力集中系数,Ms温度,静强度,能量值,密封性能,真密度测试,稀释率,特征参量,模糊c均值,化工设备,泄放设计标准,分析与处理,安全泄放装置,敏感性分析,有限元,线弹性理论,疲劳评定,应力腐蚀开裂敏感性,应力断裂,火灾工况,面积型缺陷,检验策略,危害预测,对接焊接接头,碟形封头,低温储罐单层,出口接管,西气东输二线管道工程,管箱法兰,螺栓拉伸力,,中心管,汽轮机,波纹板,新乏蒸汽换热器,压力容器清洁厂房,容器,氧化反应器,,,,,,大型塔器,高压球罐,危险化学品储罐,储油罐,塔顶馏出线,人工缺口钢瓶,搅拌反应釜,,吊篮筒体,高压气淬炉,绝热剪切线,湍流激振,气孔,亚硝酸盐,国际标准,几何算法,韧性换算模型,衬里焊接,焊缝,堆焊工艺,压力,周向应力,弹性塑性力学,钢锻件,δ铁素体,,微合金化,端部结构,可靠性,冷冲压成形,控制形变,水锤
检测技术,角位移,瞬态温度,材料强度,能量法,综合性能,暗线黑度,慢应变速率,定量,峰值应力,气化关键设备压力容器,设计优化,焊后热处理,结构安全,疲劳分析,传热模拟,载荷历程效应,疲劳排除,晶间腐蚀敏感性,断裂评定,爆炸焊接,失效预防,离线检测,耐压试验,管道速接头,椭圆形封头,厚壁圆筒,大直径接管,复杂管道,螺栓法兰连接,螺旋缝埋弧焊管,,异径管,棘轮行为,不锈钢复合钢板,紧凑式换热器,锅炉和压力容器,夹套容器,脱硫反应器,,,,,,冷凝器,球罐,大型储罐,子母罐,三聚氰胺废水分解塔,车用铝内胆碳纤维全缠绕氢气瓶,聚合釜,,发球筒,急冷锅炉,热输出,交流阻抗,气压胀接,环烷酸,裂纹合并准则,压痕应变法,马尔可夫模型,电子束焊接,焊缝开裂,手工电弧焊,压力降,真应力—应变曲线,受力平衡,应变强化不锈钢S31608,铁素体FN,,金相,界面结构,高效性,控制变形,矩形大开孔,欧洲先进压水堆
特种设备安全技术规范,热源模型参数,稳态温度,法兰强度和刚度,冲击吸收能量,接头性能,熔区长度,比率塑性功,流量,数值解,设备评级,日常制造检验,不停车处理,安全措施补偿,相关性分析,模拟PWHT,动力学理论,高温低周疲劳,腐蚀裂纹,断裂韧性,化学爆炸,失效评定图,定期检验,爆破试验,P91钢焊接接头,封头,复合壳,斜接管,压力管道快速连接,烧嘴法兰,连接螺栓,,低翅片管,棘轮边界,复合板焊接,发夹式换热器,复合材料压力容器,1类容器,PX氧化反应器,,,,,,高耸塔器,混合式球罐,液化天然气储罐,分离罐,脱硫塔,氧气瓶,萃取釜,,内压圆筒,锅炉,耐热钢CrMoCoV,液压胀形,加气站,硫酸浓缩,应变准则,垂直接触法,现场焊接修理,焊接,焊缝成形,双丝埋弧焊,压力推力,载荷应力再分布,内积功,25Cr2NiMo1V钢,针状铁素体,,铝合金,拉撑结构,周期性,冷成形,波形特征,冷却水
微试样试验技术,疲劳强度减弱系数,脆性转变温度,强度分析,能量传递,材料性能,厚度计算,慢应变拉伸速率,定量RBI,极值窗口,海上石油天然气设备,机械制造业,局部焊后热处理,接管和安全端,损伤分析,地震模拟实验,灰色理论,疲劳比,腐蚀与防护,断裂控制,爆炸轧制,缺陷返修,检验周期,火烧试验,镍基焊接接头,16MnDR封头,纵流管壳式换热器,大口径插入式斜接管,悬空管道,衬环法兰,X60螺旋焊管,,轴封水管线,,双相钢复合钢板,非对称换热器,核反应堆压力容器,氢气无缝容器,合成反应器,,,,,,再热器引入,大型球罐,球形储罐,罐式汽车,焦炭塔,环缠绕气瓶,高压釜,,单节筒体一次成型,制氢转化炉,热振荡,胀合液压力,耐湿硫化氢,,风险可接受准则,BellGhaly方法,现场组焊,焊接性,深厚焊缝,扩散焊,胀接压力,威布尔应力,作用力,含氮不锈钢,铁素体带,,哈氏合金C4,结构改进,紧密性,偏转变形,波形变化,冷凝水滴
技术方案,参数化模型,无塑性转变温度,强度裕度,大线能量焊接,性能退化,H浓度,慢应变速率拉伸试验,混合离散变量,极值分布,核级设备,管束制造,防腐处理,工业安全,事故分析,快速有限元算法,损伤累积理论,疲劳寿命,高温硫腐蚀,韧脆转变断裂韧性,爆炸容器,管道失效,检测方案,工艺试验,同质接头,封头整体冲压,层次结构,轴向斜接管,核级管道,法兰,主螺栓,,软管组件,,三叶孔板,预应力换热器,反应堆压力容器,绕丝容器,甲醇合成反应器,,,,,,高压给水加热器,10000m3天然气球罐,立式圆筒型储罐,充液罐车,塔裙连接型式,车用瓶阀,,,圆筒模型,减粘炉,再热裂纹敏感性,无模液压成形,气体升压规律,,评定标准,修正θ法,HLP模型,焊接顺序,密缝焊缝,焊工,最大允许积聚压力,应力应变评定,复合力矩,Cr5Mo钢,铁镍基合金,,VN微合金化,细长结构,总体塑性变形,蠕变变形,反拱形爆破片,人造海水
声发射技术,临界裂纹尺寸,管壁温度,持久强度,能量分配,组织与性能,缺口高度,降温速率,质量检测,数值分析,核岛主设备,工艺设计,二次热处理,本质安全,成因分析,模拟试验,双轴棘轮效应,疲劳寿命预测,氧化氯化腐蚀,脆性断裂,火灾,失效换热管,周向超声检测,预测,钢板及焊接接头,瓜瓣封头,椭球壳体,马鞍形接管,工业管道,螺栓法兰,连续螺旋折流板换热器,,蒸汽发生器传热管,,三叶孔板换热器,美国换热器协会,反应堆压力容器RPV,高温高压容器用钢,大型反应器,,,,,,爆破片夹持器,乙烷球罐,储罐,罐式集装箱,高耸空塔,非重复充装焊接钢瓶,,,筒形件,德士古气化炉,热固耦合,流体流动,变换气,,欧洲焊接标准,钻孔法,工程估算公式,粗晶区焊接韧性,225Cr1Mo025V焊缝,带极电渣堆焊,压力范围,平均应力松弛,抗拔力,双相不锈钢,网状铁素体,,金相观察,组合结构,弹塑性,变形控制,圈形波,超水压
预警技术,尺寸效应,成形温度,强度校核,冲击吸收能量KV2,焊接接头力学性能,圆度,疲劳裂纹扩展速率,流量不均幅值,月平均风速极大值,超限设备,设计制造,热成型及热处理,安全管理,残余应力分析,有限元模拟,包辛格效应,疲劳循环,管道腐蚀防护,断裂模式,敞开式火灾,损伤容限,磁记忆检测,差压试验,异种钢焊接接头,椭圆封头,不锈钢堆焊层剥离,接管段,复合材料管道,法兰密封,螺栓预紧,,热煨弯管,,C27616MnR复合板,加氢高压换热器,压力容器用钢,承压容器,预加氢反应器,,,,,,橡胶阻尼器,LNG双球球罐,低温储罐,卧式搅拌罐,汽提塔,焊接绝热气瓶,,,压制锅筒,乙烷裂解炉,热循环,液化天然气,加氢裂化,,5最大主应变准则,循环计数方法,Beremin模型,焊接构件,异种金属焊缝,药芯焊丝电弧焊工艺,爆破压力,应力集中,拉脱力,FeCrNi奥氏体不锈钢,,,25Cr35NiNb微合金,主结构应变,塑性载荷,冲压成形,矩形微通道,水室
规则化数据还原技术,Zig Zag角度,温度变化速率,外压强度,夏比冲击吸收能量,性能试验,弹簧刚度,概率断裂力学,蒸发流量,门槛值,设备支撑,球形储罐制造安装,消应力处理,安全评估,失稳分析,非线性有限元,贝叶斯理论,疲劳损伤,应力腐蚀,延性韧窝断裂,低速爆炸载荷,冲击损伤,检验及修复,试验方法,管子管板接头,凸形封头,半圆柱壳,开口接管,主蒸汽管道,组合法兰,螺旋管,,90°弯管部件,,钛铝复合板,浮头式换热器,塔式压力容器,深冷容器,氧氯化反应器,,,,,,旋风分离器,15MnVNR钢制球罐,LNG储罐,罐口,减压塔,大容积钢质内胆环向缠绕气瓶,,,筒节,废热锅炉,热喷涂,运动流体,储气井,,规范案例2843,正装法,约束方程,异种合金焊接,小Ω焊缝,药芯焊丝电弧焊,压力平衡装置,应力分布,浮升力,超级不锈钢,,,NiCr合金,密封结构,数据分散性,变形,O形密封环,801胶水
数值模拟技术,鼓胀系数,热处理温度,结合强度,,低温冲击性能,密度差,应变速率,合金元素含量,有限元数值仿真,核电设备,安全设计,焊后热处理工艺验证,结构完整性评价,减振分析,有限元方法,薄壳理论解,疲劳校核,腐蚀试验,,气瓶爆炸,低温硫化物损伤,检测,氦泄漏试验,电熔接头,平盖封头,无折边锥壳,接管,压力管道标准体系,三通封堵器开槽法兰,水平螺旋管,,爆管,,储罐底板,鳍片换热器,反应堆压力容器支座,矩形常压容器,CVD反应器,,,,,,翅片油冷却器,氧气球罐,液氨储罐,LNG低温液体运输罐车,碱洗塔,气瓶水压内测法,,,筒体锻件,炉内法,对流换热,N甲基二乙醇胺溶液,气泡,,标准化,三维虚拟裂纹闭合法,推定模型,在线焊接,对接焊缝,胀焊结合,密封接触压力,应力状态,地震力,BHW35钢,,,哈氏C2000合金,二维结构,O形密封环弹塑性接触,温压成形,界面形状,压水堆核电站
创新技术,自紧式八角垫,温度,蠕变强度,,局部力学性能,临界长度,概率分析,非线性分量,熵权值,尿素高压设备,蒸汽发生器制造,等效线性化处理,安全完整性等级SIL,系统性分析,热模拟,时滞效应,蠕变疲劳交互作用,局部腐蚀,,爆炸焊复合钢板,咬边缺陷,风险检验,实验,管接头,锻制平封头,侧壁烧嘴,周向斜接管,氨制冷压力管道,非标准法兰,螺旋焊缝,,管土作用,,904L不锈复合板,深槽结构微型换热器,简单压力容器,卧式容器,,,,,,,乙酸加热器,,常压储罐,石油罐区,急冷塔,低温气瓶,,,烘筒,注汽锅炉,热冲击,单相流,气体泄漏,,材料标准,修正弹性补偿法,Manson―Coffin方程,在役焊接,多道焊缝金属,双人双面焊工艺,整定压力,高残余应力,裂纹扩展阻力曲线,125Cr05Mo钢,,,宏观金相,翻边结构,稳定性,成形工艺,椭圆形丁胞,快速水冷却
修复技术,尺寸精度,温度载荷,强度评定,,组织性能,轴向非线性刚度,延伸率,排量,临界值,压力设备,国产化制造,预防处理,完整性评价,反对称载荷分析削弱圆板,有限元计算,闭合效应,疲劳,晶间应力腐蚀开裂,,爆炸焊,微观损伤,激光检测,优化试验,X70管线钢环焊接头,厚壁大直径球形封头,薄壁圆柱壳,,一级管道,非标准容器法兰,可拆式螺旋板换热器,,加强型波纹管,,复合钢板,取样换热器,压力容器,塔式容器,,,,,,,摩擦阻尼器,,,浮顶油罐,氨中和塔,高压气瓶钢,,,筒体端部,变换炉,热电厂空冷系统,气液两相流,气缸,,API标准,布置方法,计算公式,消除焊接残余应力,,内孔对接焊,屈曲失稳临界压力,弹性应力,多功能,铁素体钢,,,镍及镍合金,进出口结构,轴向稳定性,,正拱形爆破片,压水堆
探头技术,分布规律与参数,参考温度,条件屈服强度,,组织和性能,高度分辨率,概率非概率混合模型,定量超声检测,最大许用应力值,临氢设备,制造特点,环缝局部电加热处理,核电安全端,疲劳试验和分析,模拟Ding试验,精细化统一理论,变幅疲劳,一次侧应力腐蚀开裂,,爆炸地震波,损伤Jd积分,基于风险的检测RBI,寿命预测,钎焊接头,锆封头,聚液壳,,管道流动,连接法兰,抗剪螺栓,,外压波纹管,,SA738GrB钢板,蓄热式换热器,球形压力容器,对称矩形截面容器,,,,,,,汽水混合加热器,,,罐体,尿素合成塔,钢瓶,,,外压圆筒,延迟焦化加热炉,长期过热,高压水射流喷丸,烟气,,R6规范,球压痕法,模型,焊接应力,,手工钨极氩弧焊,极限压力,名义应力范围,塑性力学,双相钢,,,相变材料,支撑结构,弹塑性界面,,波形膨胀节,水浸超声
有限元技术,LarsonMiller参数法,稳态温度场分布,连接强度,,性能验证,应力三轴度,率相关,损伤变量D2,数值试验,设备法兰,轻型化设计,敏化处理,评价,内压屈曲分析,有限元仿真,可拓理论,疲劳蠕变,防腐蚀对策,,爆炸,失效后果,导波检测,验证性实验,换热管与管板接头,压力容器和封头加热,薄壁,,油气管道,大直径法兰,螺栓连接装配资质,,虚拟光管,,搭接板,开放式结构换热器,快开门式压力容器,绕丝式超高压容器,,,,,,,铝质冷却器,,,液化天然气LNG罐箱,二氧化碳汽提塔,低温绝热气瓶,,,筒体鼓凸,鲁奇式气化炉,传热单元,湍流激励,加氢精制,,法规标准,一次结构法,解耦模型,水平支承焊接,,埋弧焊,泄放压力,应力控制,承压能力,SAF2507双相不锈钢,,,难熔金属,补强结构,应变线性化,,J形坡口,水泥环
合成孔径聚焦技术,阻力系数,温度限制,强度胀接,,焊接性能,图纸名义厚度,开盖率,轻量化,临界值范围,搪玻璃设备,正交设计,泄漏处理,安全高效运行,流体动力学分析,扩展有限元法,网格理论,疲劳破坏,晶间腐蚀开裂,,气体爆炸,失效模型,快速检测,插销试验,奥氏体不锈钢焊接接头,换热器封头,堆焊层裂纹,,管道法兰,浮头法兰,螺孔,,冷管,,中厚不锈钢钢复合板,立式夹套换热器,搪玻璃压力容器,高压储氢容器,,,,,,,汽水分离再热器,,,LPG铁路罐车,硝酸吸收塔,车用高压燃料气瓶,,,筒体,电炉,环状蓄热体,流弹失稳,天然气,,标准体系,生死单元法,中径公式,回火焊道焊接,,内孔焊,压力边界,应力松弛,重力载荷,1Cr5Mo钢,,,特种材料,限位支撑结构,严密性试压,,马鞍形,压水反应堆
制造技术,形状系数Y,温度分布,应力强度评定,,连接性能,投料厚度,慢应变速率拉伸,折算质量法,K值,新型双锥回转设备,疲劳设计,热处理工艺,安全泄压装置,层次分析,接触有限元,变形理论,热机械疲劳,缝隙腐蚀,,爆炸复合,氢损伤,数字射线检测,水压试验,螺栓法兰接头,封头成形,堆焊层,,超高压蒸汽管道,法兰连接,特殊螺纹,,热管蒸汽发生器,,平板试件,气气换热器,钛制压力容器,搅拌容器,,,,,,,倒置立式高压加热器,,,罐底,焦炭塔裙座,气瓶阀,,,汽包筒体,700℃超超临界锅炉,一维非稳态导热反演,雨流计数法,抗氢钢焊缝,,ASME规范案例26051,金属磁记忆法,GursonTvergaard模型,应用与焊接,,无钎剂钎焊,临界失稳压力,残余应力应变,支座反力,低碳钢,,,金属与金属接触,大开孔结构,塑性弯矩,,地震波波形,氨水槽
冷装技术,缺陷尺寸,单温度,强度性能,,冲击性能,刚度叠加法,存活率,法兰轻量化,抛物线插值,加氢设备,制造,最大模拟热处理,核安全分级,扫描电镜断口分析,有限元建模,棘轮效应,蠕变疲劳交互,腐蚀类型,,,材料损伤,试验和检验,风洞试验,胀焊接头,平板封头,负壳,,埋地管道,底部法兰,螺栓螺纹,,直管夹具,,厚钢板,POP换热器,核压力容器,带夹套容器,,,,,,,锅炉再热器,,,油气罐区,塔盘,气瓶泄露,,,压力筒,加热炉,热力耦合,轴向流动,大气暴露,,标准修订,轧制法,公式,焊接措施,,焊材储存,压力确定,应力,动力响应,SA543钢,,,Haynes 230镍基超合金,组织结构,均匀性,,碟形弹簧,水试压
MPC技术,超声非线性系数,混凝土温度,强度破坏,,金相及力学性能,椭圆度,泄漏率,当量实心板,峰值周期应力,特种设备,直接设计,固熔处理,安全阀,机理分析,PIPESTRESS有限元软件,弹性理论,蠕变疲劳,高温硫环烷酸腐蚀,,,失效模式,声发射检测,水压爆破试验,伸缩接头,压力容器用封头,双壳程,,燃气PE管道,快开门法兰,螺栓预紧载荷,,不锈钢换热管,,盲板头盖,脱丁烷塔进料换热器,塑料及其衬里制压力容器,大型容器,,,,,,,传感器,,,汽车罐车,高塔,天然气储气瓶,,,井筒内低品位余热,电站锅炉,热膨胀,NS4溶液,采气厂,,ISO标准,无单元Galerkin法,粘弹性模型,焊接变形,,真空钎焊,失稳压力,应力比,偏心力臂,XG630DR钢,,,爆破片与易熔合金塞串联组合装置,特殊结构,多线性随动强化,,方形人孔,
自动超声检测技术,组合泄放系数,适用温度,强度不匹配因子,,抗风性能,异径度,自振频率,定量风险分析,ANSYS数值模拟,承压设备常用材料,设计体制,模拟焊后热处理,安全评价,屈曲分析,模拟退火方法,弹性薄壳理论,疲劳断裂,应力腐蚀裂纹,,,缺陷评定,检测时间,检查与试验,油套管接头,S型封头,层间隔震,,天然气管道,,主螺栓螺纹副,,Inconel690合金管子,,钢板中心线,苯乙烯装置换热器,低温压力容器,移动容器,,,,,,,蒸汽加热器,,,单容罐,冷却塔,液化石油气钢瓶,,,三旋中心筒,重沸炉,动态热边界,流致振动,氢脆,,准则方程,最大最小循环计数法,BTC模型,振动焊接,,起裂焊道,允许压力损失,膜致应力,低温冲击功,ADB610钢,,,复合材料修复,显微结构,超弹性,,C形环,
室温应变强化技术,焊缝系数,韧脆转变温度,总应力强度,,改善性能,厚度减薄,失效率,量化,,炼油设备,设计问题,焊接与热处理,接管安全端,稳定性分析,焊接模拟试验,,疲劳寿命评估,冲刷腐蚀,,,椭圆形凹坑损伤,焊接与检验,Gleeble试验,绝缘接头,锥形封头组件,复合型多层真空绝热低温容器,,X80管道钢,,螺带,,矩形波纹管,,板翅式换热器,电厂换热器标准,制冷压力容器,低温绝热容器,,,,,,,低变再沸器,,,罐盖,甲醇吸收塔,气瓶水压外测法,,,,常压炉,热结构耦合,流体诱导振动,西气东输二线工程,,标准规范,图算法,破裂压力模型,焊接数据库,,等离子焊,公称压力,二次应力,预紧力,304H不锈钢,,,哈氏合金B3,局部结构,符合性评定,,形变马氏体,
技术特性,参数化绘图,保温温度,强度匹配,,热工性能,法律制度,地震功率谱,线性分量,,高耸设备,机械设计,热处理规范,合于使用评价,试样分析,模拟,,疲劳监测系统,耐腐蚀性,,,埋地管道缺陷,TOFD检测,楔形张开加载试验,环焊接头,球冠形端封头,镗孔壁厚,,横向共振管道,,螺旋扭片,,横掠管束,,平板,自支承式换热器,移动式压力容器,立式圆筒型储液容器,,,,,,,面式减温器,,,硫化罐,再生塔,CNG钢瓶,,,,乙烯裂解炉,换热阻力特性,汽液两相流,高温烟气,,RCCM规范,锤击法,RBTC模型,焊接工艺评定,,自动TIG焊,初始压力,应力分类,力学特性,异种钢,,,铝合金贮箱,结构优化,柔性探头,,形状重构,
复合复层技术,弯曲参数的选取,瞬态温度场,强度计算,,性能检验,同轴度,排放率,焊接质量,,化工设备设计,线路设计,局部热处理,安全重要物项,适应性分析,有限元方法FEM,,疲劳极限,电化学腐蚀,,,缺陷,破坏性检验,型式试验,内管接头,平管板封头,器壁,,快速卸压管道,,异种材料螺纹联接件,,出水管,,16MnRHIC板,浮头换热器,低温绝热压力容器,抗爆容器,,,,,,,钢丝绳隔振器,,,LNG燃料罐,甲醇合成塔,储气瓶组,,,,,加热带,液固耦合,加氢,,焊接标准,线性匹配方法,NK模型,全焊接,,钎焊,自紧压力,应力仿真,多功能化和搅拌过程自动化,07MnCrMoVDR钢,,,25Cr35NiNb合金,结构特性,垫片非线性,,形势,
安全技术规范,轴向弯曲应力系数,温度应力,蠕变持久强度,,低温性能,尺度效应,频率分离,含湿量,,铬钼钢设备,规范设计方法,缺陷处理,安全端,振动分析,模拟件,,多轴疲劳,空泡腐蚀,,,失效原因,风险检测,气密封实验,套管接头,成形封头,单层高速电渣焊,,P92钢蒸汽管道,,均匀螺栓载荷,,钛制列管式换热器,,厚板铝合金,,重型压力容器,核反应承压容器,,,,,,,光纤光栅传感器,,,大型储液罐,吸附塔,纤维缠绕高压氢气瓶,,,,,对流传热,临界流速,加氢装置,,有色金属材料标准,建模方法,RambergOsgood模型,等离子弧焊接,,装焊,最大泄放压力,动应力,弹性动力学,15钢,,,原材料消耗工艺定额,快开结构,弹性基础,,齿形垫片,
热喷涂技术,裂纹尖端张开角,最低设计金属温度,屈服强度,,疲劳性能,硬度试验,概率,循环弹性模量,,大型特材设备,结构设计,稳定化热处理,钢安全壳封头,ANSYS有限元分析软件,,,疲劳裂纹,氢腐蚀,,,焊接缺陷评定,超声长距离导波检测,拉伸试验,,厚壁球缺封头,壁厚比,,氢气长输管道,,主螺孔,,换热管稳定性,,薄板,,压力容器使用单位,容器开孔补强结构,,,,,,,脱气冷凝器,,,水泥罐箱,底部框架塔,车载LNG气瓶,,,,,过热,不可压缩流体,熔化极气体保护焊,,屈服准则,本构曲线法,现场组装,焊接坡口,,316L堆焊,开启压力,应力指数,侧向力作用,ASTM 4130钢,,,金属磁记忆,子结构,塑性屈服,,U形,
内腐蚀检测技术,动态弯折角,韧脆转变温度曲线,特种高强度钢,,高温性能,断裂韧度,结合率,铁素体量控制,,机械设备,设计爆破压力,数据处理,安全停堆地震,流场分析,,,疲劳断口,腐蚀控制规程,,,垫片失效,无损检验,试验压力,,封头内衬,薄壁换热管,,管道泄漏,,螺栓,,管子—管板焊缝,,厚板N08810合金,,,外压容器,,,,,,,热交换器,,,LNG全容罐,精馏塔,氢气气瓶,,,,,传热,液体晃动,可燃气体,,欧盟标准,组装方法,电化学模型,焊接垫片,,银钎焊,动作压力,许用压缩应力,受力,CrNiMoV钢,,,蒙乃尔合金,支座结构,碱性破裂,,拉伸形变,
再制造技术,裂纹夹角,液氮温度,强度极限,,使用性能,直线度,拔出率,排量测试,,钛设备,外压设计,退火处理,综合评价法,振动疲劳分析,,,高周疲劳,硫化氢应力腐蚀,,,应变失效准则,黑色磁粉检测,试验模型,,非标封头冲压,壳程压降,,主管道,,螺旋埋弧焊管,,Cr5Mo炉管,,平板普通型爆破片,,,非标准矩形截面容器,,,,,,,蒸汽灭菌器,,,不开罐,一塔两用,全复合材料气瓶,,,,,热轧,42氯化镁溶液,高含H2S天然气,,新标准,线性匹配法,应力公式,焊接规程,,堆焊,,残余应力,静摩擦力,2 25Cr1Mo0 25V钢,,,C276合金,支柱结构,塑性变形,,微观形貌,
控制与防治技术,双楔角环垫,,裂尖应力强度σ1′,,性能指标,动态可靠度,位移速率,当量应变范围,,承压设备指令,压力容器分析设计,简易热处理炉,评价指标,失效分析,,,应变疲劳,低温腐蚀,,,损伤张开位移δd′,材料检验,WOL试验,,封头直边,圆柱壳,,长输管道,,铬钼钢螺旋盘管,,管子与管板连接,,中空肋板构件,,,深海外压容器,,,,,,,夹套式塔器,,,平推式门盖硫化罐,反应塔,复合气瓶,,,,,耐热钢,涡流场,气蚀,,国家标准,图解法原理,计算模型,焊接返修,,自动焊,,综合应力,JR阻力曲线,12Cr2MoVWTiB钢,,,35Cr45NiNb微合金,快开门结构,变形特性,,U形膨胀节,
强制性法规上的技术标准,稳定安全系数,,剩余强度,,性能降解,重要度,扩展速率,误差缓冲量,,JB4730《承压设备无损检测》标准,设计与制作,焊后固溶处理,安全完整性,传热分析,,,热疲劳,连多硫酸腐蚀,,,螺孔损伤,监督检验,剩余寿命预测,,顶封头,多层包扎,,工业金属管道工程施工规范,,螺纹翅片管,,复合管板,,不锈钢复合板,,,超高压容器,,,,,,,机器人,,,超大型储油罐,,气瓶,,,,,汽化潜热,液化气,氢剥离,,COD准则,堆焊方法,数学模型,双相钢焊接,,药芯焊丝,,应力计算,成功实例,Q345R钢,,,镍合金,填料函密封结构,非线性弹性,,O形环,
技术指标,全尺寸爆破试验,,高强度气瓶,,压缩回弹性能,振实密度,频率,质量控制,,悬挂式塔设备,加强设计,成形后热处理,安全性评价,时限老化分析,,,疲劳失效,氧化腐蚀,,,超标缺陷,常规检验,焊接试验研究,,压力容器封头,厚壁锥体,,输油管道,,D形螺栓,,超大型波纹管,,复合钢板塔,,,大直径常压容器,,,,,,,ATD再热器,,,硫化罐卡箍,,车用高压氢气瓶,,,,,余热回收,低温液体运输装备,应力导向氢致开裂,,焊接规范,EN 13445直接法,kε模型,自动化焊接,,自保护药芯焊丝电弧焊,,应力—应变曲线,冲击功KV2,316L钢,,,双金属自密封波齿复合垫片,高温保护结构,表面改性,,,
新材料技术评审,全尺寸气体爆破试验,,强度失效,,蠕变性能,刚度条件,裂纹扩展速率,均布分量,,AP1000主设备,常规设计,集气处理站,屈曲安全评价,结构分析,,,疲劳短裂纹,沿晶型应力腐蚀,,,损伤机理,延期检验,落锤撕裂试验DWTT,,平盖加筋封头,壁面剪切应力,,管道风险评分法,,螺栓紧固方法,,管头,,大孔分布板,,,容器类别,,,,,,,池式冷凝器,,,油罐,,高压气瓶,,,,,双椭球热源模型,流道,干气密封,,英国标准,垂直入射法,力学模型,堆焊焊接,,多道焊,,轴向应力,水力载荷,15CrMo钢,,,2219铝合金,结构可靠性,冲击韧性,,,
技术创新,超大尺寸的组合管板,,高强度,,组织及性能,变厚度过渡段连接,容积残余变形率,当量塑性应变能,,高温高压临氢设备,制造方法,预强化处理,安全使用,弹性分析,,,,硫化氢应力腐蚀开裂,,,渐进失效,压力容器检验,试验压差,,双平板封头,单层堆焊,,保温管道,,螺旋折流板,,穿管,,08Ni3DR钢板,,,高压容器,,,,,,,引流器,,,大型油罐,,压缩天然气车用燃料气瓶,,,,,热力耦合仿真,煤液化装置,西气东输二线,,规范案例N284,直接法,现场修复,电熔焊接,,焊带位置,,主应力,缠绕张力,25Cr2MoVA钢,,,异种金属,自支撑结构,自限性,,,
风险分析技术,磁性参数,,B610E高强度钢,,力学性能,延性断裂韧度,固有频率,定量分析,,设备闸门,罐壁设计,热处理,安全联锁完整性等级评估SIL,谐响应分析,,,,内壁母材点腐蚀,,,高温失效,动态检测,韧性试验,,大直径高压球封头,防腐层,,压力管道和压力容器,,钢丝螺套,,管座母材,,底板,,,移动式容器,,,,,,,低温分离器,,,储液罐,,车用高压天然气气瓶,,,,,电加热元件,超临界流体,高温临氢,,标准对比,平均应力修正法,轴对称模型,焊接材料,,焊道集中,,作用应力,动力学响应,225Cr1Mo025V钢,,,易熔合金塞,结构约束,寿命可靠性,,,
超声波缺陷检测技术,角焊缝,,应力强度因子,,传热综合性能,热流密度,横向分辨率,排量评估,,超重、超大直径薄壁塔设备,设计结构,控制和处理措施,安全性,泄压分析,,,,带压沸腾盐酸腐蚀试验,,,早期损伤,不停机全面检验,气压试验,,球形封头,壁板,,热力管道,,螺柱,,双联管,,厚板,,,高压立式液氢容器,,,,,,,卧式分子筛吸附器,,,树脂反应罐,,CNGⅡ复合气瓶,,,,,预后热工艺,液态金属致脆,湿烟气制酸,,标准简介,最大最小计数法,修正公式,带压焊接密封,,补焊,,应力应变关系,F2分力,12Cr2Mo1R钢,,,金属垫片,开孔结构,紧凑性,,,
试样重组技术,Z参数,,压力容器强度计算,,低温性能指标,保守度,应变率效应,当量总应变能,,核设备,焊接制造,固溶处理,评价方法,风险模糊分析,,,,应力腐蚀破裂,,,裂纹缺陷,在线声发射检测,试验验证,,SA387Cr11CL2钢拼焊封头,厚壁管件,,架空管道,,螺纹磨损,,取样管,,225Cr1Mo025V钢板,,,,,,,,,,油冷器,,,,,无隔热气瓶,,,,,蜂窝蓄热体,雨流法,气动声学,,ASME标准,遗传算法,公式拟合,焊接三通,,CHW62QR实芯焊丝,,接触应力,系统动力学SD,柔性石墨不锈钢波齿复合垫片,,,C276哈氏合金,高温高压密封结构,耐蚀性,,,
技术进展,疲劳缺口系数,,湍流强度,,抗冲击性能,分析精度,腐蚀速率,膨胀量,,移动式承压类特种设备,结构优化设计,最终热处理后,安全预警,缺陷分析,,,,腐蚀管道,,,表面损伤,涡流检测,气密性试验,,标准椭圆形封头,双层波纹管,,管道弯矩,,螺纹,,高钢级管线钢,,S11306Q345R复合钢板,,,,,,,,,,变压吸附器,,,,,无缝气瓶,,,,,热工水力,H2S水溶液,加氢站,,TEMA标准,局部法,本构模型,窄间隙焊接,,电子束焊,,许用应力,水平力,新CrMo钢,,,铜及铜合金,,塑性自增强,,,
技术要求,倒角,,疲劳强度,,,风险可接受度,检出率,排水量,,换热设备,整体制造,焊接及热处理,钢制安全壳,分析比较,,,,碱应力腐蚀开裂,,,鼓包缺陷,理化检验,步冷试验,,,厚壁大直径筒节,,高能管道,,螺旋板式换热器,,管束共振,,不锈钢钢板及钢带,,,,,,,,,,SOFO传感器,,,,,CNG2型气瓶,,,,,热成型,液压胀,脉冲气保焊,,专用型焊接评定标准,响应面法,MonteCarlo模型,焊接修复,,焊条电弧焊,,局部应力,组合承载能力,022Cr17Ni12Mo2钢,,,承压用材料,,共振特性,,,
焊接技术,导热系数,,抗拉强度,,,摆动速度,冷却速率,回弹量,,镍制设备,蠕变设计,处理方法,安全状况等级,法规条款分析,,,,腐蚀缺陷,,,界面熔化缺陷,内检测,持久试验,,,急冷室锥壳,,压力管道直管段,,主螺栓孔,,金属波纹管,,环形折流板,,,,,,,,,,汽化器,,,,,,,,,,大热输入焊接,单元流道,药芯焊丝CO2气体保护焊,,修正的NSC准则,压力面积法,演化模型,同种金属焊接,,焊条,,垫片应力,,Cr25Ni35Nb钢,,,材料,,线弹性,,,
聚焦技术,动态弯折角β,,强度试验,,,超压限度,胀管率,弹性模量,,塔设备,设计理念,调质热处理QT,安全性评估,真时程分析,,,,腐蚀凹坑,,,初始几何缺陷,检验程序,试验谱,,,外压壳体,,主给水管道,,螺栓应力分布,,单根换热管,,国产225Cr1Mo03V钢板,,,,,,,,,,循环气冷却器,,,,,,,,,,强化换热,流场,煤制天然气,,RCCMRx标准,有限单元法,VOF模型,焊接裂纹,,未焊透,,应力应变,,低合金钢,,,金属材料,,非线性密封垫片,,,
检验技术,曲率修正系数,,强度试压,,,动态裂纹扩展速度,故障率,质量评价,,协调标准承压设备,按规则设计,,安全区间,金相分析,,,,H2S腐蚀,,,失效,检验案例,深海高压试验罐,,,夹层,,核一级辅助管道,,安装螺栓载荷,,换热管束,,印刷电路板式换热器,,,,,,,,,,低压组合床重整再生器,,,,,,,,,,热源,液化石油气,高压临氢,,规范体系,超声衍射时差法,现场返修,焊接斜三通,,横焊,,温差应力,,12MnNiVR钢,,,金属波齿垫,,稳定性校核,,,
施工技术,相关系数,,胀接强度,,,裂纹高度,蠕变裂纹扩展速率,标准孔板流量计,,设备泄漏,正交试验设计,,适用性评价,化学分析取样方法,,,,应力腐蚀开裂SCC,,,平面型缺陷,断口检验,工艺试验和研究,,,断层解剖,,输气管道,,螺旋板换热器,,690合金管,,全复合板,,,,,,,,,,稳压器,,,,,,,,,,预热,涡流,硫化氢,,法规及标准,有效方法,内聚力模型,焊接填充材料,,焊制三通,,消应力,,TP347不锈钢,,,NiFe基合金,,局限性,,,
装焊技术,无量纲参数,,管道强度,,,搪玻璃层厚度,设备失效概率,批量验收试验,,立式设备,焦炭塔的制造,,安全完整性等级评估,弹塑性应力分析,,,,腐蚀图谱,,,塑性失效,全面检验,胀接试验,,,壳程强化传热,,海底输气管道,,紧固螺栓,,管孔对中,,曲面折流板,,,,,,,,,,仪器化夏比冲击,,,,,,,,,,瞬态传热,两相流诱发的振动,煤气化,,ASME规范,动力松弛法,钝化线方程,焊接冷裂纹,,MAG全位置自动焊,,屈服应力,,X7Ni9钢,,,异种材料,,非线性屈曲,,,
超声聚焦技术,棱角度,,持久强度极限,,,筒体圆度,慢应变速率试验,质量,,真空绝热深冷设备,有限元优化设计,,基本安全要求,高温分析,,,,应力腐蚀试验,,,损伤,周向检测,实验研究,,,厚壁,,供热管道,,,,烟机暖管,,大小孔折流板,,,,,,,,,,LNG汽化器,,,,,,,,,,流动和传热特性,液体冲击,添加氢气,,规范,超声波衍射时差法TOFD,经验公式,,,窄间隙埋弧焊,,真实应力—应变曲线,,S32168不锈钢,,,铜合金,,敏感性,,,
标准技术,参数分析,,磁感应强度,,,未胀合长度,加载速率,质量控制过程中,,承压设备,设计校核,,安全壳闸门,动态失效分析,,,,刀口腐蚀,,,缺陷等级,管道检验,焊接工艺评定试验,,,近断层,,压力管道,,,,压力管线,,折流板,,,,,,,,,,合成气废热回收加热器,,,,,,,,,,局部热应力,流速,氢氧化钠,,EJMA标准,石灰石石膏法脱硫装置,关联公式,,,钨极氩弧焊,,局部应力计算,,低温钢,,,空心金属O形圈,,非均匀性静载荷,,,
技术条件,公称尺寸,,强度,,,柔度法,周长应变速率,高通量管,,,补强设计,,人的不安全行为,热及结构分析,,,,腐蚀及裂纹,,,螺纹损伤,新型检测装置,蠕变试验,,,覆层,,X80钢管道,,,,长管拖车气瓶,,孔板支撑,,,,,,,,,,非能动热交换器,,,,,,,,,,非对称传热,流场特性,燃气站场,,法规与标准体系,方法改进,场协同,,,堆焊修复,,应力—应变,,20G钢,,,碳纤维复合材料,,非线性垫片,,,
载荷图技术,垫片系数,,应力强度,,,结构刚度,初始充满率,激光测量,,,分析设计标准,,功能安全,弱点分析,,,,腐蚀失效,,,体积型缺陷,敏感性检验,小冲杆测试,,,无折边直斜锥壳,,管道,,,,胀管,,熄弧板,,,,,,,,,,丁醛转化器,,,,,,,,,,热机械载荷,新型阻流片,氩气保护,,焊接标准体系,修复方法,子模型,,,Inconel 625堆焊,,弯曲应力,,T23钢,,,材料复验,,安定性,,,
RBI技术,剩余强度系数,,应力强度准则,,,加工精度,阳极溶解速率,无损测量,,,封头制造与标准,,灰色综合评价模型,通用响应分析,,,,应力腐蚀开裂,,,结构失效,相控阵超声检测,正交试验法,,,多层容器,,超级管道,,,,柔性薄管板,,刮板结构,,,,,,,,,,补偿器,,,,,,,,,,热应力场,紊流抖动,氢致开裂,,,直接方法,自回归整合移动平均模型,,,间断焊,,局部应力应变,,15CrMoRH钢,,,冷金属过渡,,塑性安定性,,,
单元生死技术,环境激励,,强度测试,,,断裂扩展速度,曲率,测量,,,分析设计法,,安全监督,非线性有限元分析,,,,氢脆型应力腐蚀裂纹,,,焊缝缺陷,射线透照检测,落锤试验,,,多层材料,,城镇燃气聚乙烯管道,,,,油管,,六分花格板,,,,,,,,,,锅炉给水预热器,,,,,,,,,,热丝TIG,计算流体力学,药芯焊丝熔化极气体保护焊,,,扭矩控制法,拟合公式,,,镍基合金堆焊,,循环应力应变,,WEL—TEN610CF高强钢,,,材料常数,,挠性夹套,,,
互联网信息技术,紧密性参数,,壳体强度,,,概率密度函数,日蒸发率,补偿量,,,热力设计,,安全联锁系统,原因分析,,,,腐蚀防护,,,失效评定曲线,涡流检测系统,超声波测试,,,绝热材料层数,,氢气管道,,,,C型管束热交换器,,锆钢复合板,,,,,,,,,,阀芯传感器,,,,,,,,,,大热输入,流体诱发的振动,氢氟酸,,,TOFD方法,线弹簧模型,,,全位置自动焊,,环向应力,,15CrMoR钢,,,泡沫金属,,完整性,,,
技术特点,管口圆角半径,,临界应力强度因子,,,相对硬度,弯曲伸长率,过程质量控制,,,设计瞬态,,安全评定,弹性应力分析,,,,储罐底板腐蚀,,,失效寿命,检验,随机寿命预测,,,外防腐层,,聚乙烯管道,,,,全焊透结构管板焊缝,,09MnNiDR钢板,,,,,,,,,,传感器安装方法,,,,,,,,,,流固耦合传热,流体诱发振动,临氢,,,TaylorWaters法,力学方程,,,振动焊,,应力水平,,国产A508Ⅲ钢,,,2A14铝合金,,裂纹性质与成因,,,
技术标准,升力系数,,强度焊,,,功率谱密度,裂纹检出率,安全泄放量,,,设计变更,,安全性研究,分析模型,,,,腐蚀坑,,,背侧缺陷,综合检测,试验标准,,,氢致分层,,AP1000主管道,,,,液压胀管,,梯形波纹板,,,,,,,,,,电磁超声换能器,,,,,,,,,,整体热压,外流,225Cr10Mo抗氢钢,,,极限载荷法,现场挂片,,,锻焊结构,,应力应变曲线,,奥氏体不锈钢三通,,,材料替代,,线性弹性,,,
关键技术,燃料系数,,破裂强度,,,疲劳累积损伤度,翅片效率,定量评定,,,寿命设计,,安全完整性等级,比例分析,,,,高温腐蚀,,,开裂缺陷,Lamb波检测,加速寿命试验,,,厚壁金属波纹管,,管道响应,,,,波动管,,弓缺形折流板,,,,,,,,,,氨冷凝器,,,,,,,,,,换热,CO32HCO3溶液,氢鼓泡,,,Master Curve方法,回归方程,,,钴基堆焊,,多维应力状态,,T92铁素体钢,,,5A06铝合金,,低温韧性,,,
成形技术,熔池尺寸,,强度标准值,,,敏化度,,工艺留量,,,顶层设计,,风险评价,非线性分析,,,,腐蚀,,,管道缺陷,交流电磁场检测,试验研究,,,涂层,,核二三级管道,,,,超高压管式反应器,,06Ni9钢板,,,,,,,,,,钽加热器,,,,,,,,,,传热及压降,导流区,地下储气井,,,法规体系,漏磁场,,,连体锻焊件,,应力限制,,304不锈钢,,,双金属自密封波齿垫片,,稳定性研究,,,
相控阵检测技术,疲劳累积使用系数,,强度设计,,,最小厚度,,质量保证,,,生产制造工艺改进,,安全保障,辐射分析,,,,腐蚀泄漏,,,焊接缺陷,无损检测,小冲杆试验法,,,厚壁复合板压力容器,,高压输气管道,,,,长管拖车钢瓶,,多孔板,,,,,,,,,,冷却器,,,,,,,,,,感应加热,流动阻力,气电立焊,,,主曲线法,Chaboche模型,,,激光复合焊,,薄膜应力,,铬钼钢,,,稀有金属钽,,服役可靠性,,,
安装技术,复杂腐蚀环境,,,,,厚度,,吸热量,,,分析设计,,安全装置,极限分析,,,,垢下腐蚀,,,失效评定,自动超声检测,试验,,,球壳板成型,,聚乙烯燃气管道,,,,管板上下表面温差,,热轧板卷,,,,,,,,,,高压洗涤器,,,,,,,,,,热影响区脆化,瞬态流场,高压储氢,,,电测法,Paris公式,,,电渣带极堆焊,,子午向膜应力,,钒改进钢,,,哈氏合金,,韧性破坏,,,
技术,晶粒尺寸,,,,,刚度,,第三、第四当量应力,,,设计规范,,模糊综合评价,风险分析,,,,腐蚀调查,,,一致缺陷模态法,基于风险的检测,残余应力测试,,,圆柱壳体,,燃气管道,,,,90°弯管,,石油储罐底板,,,,,,,,,,硫铵加热器,,,,,,,,,,热成形,流体阻力,致脆性气体,,,迭代方法,,,,特殊焊炬,,强化应力,,T92钢,,,复合材料增强,,横观各向同性,,,
子模型技术,管与管板角焊缝,,,,,等效厚度模拟非线性有限元,,涡量,,,芯体制造,,蒙德评价法,反应谱分析,,,,腐蚀检查,,,疏松缺陷,球罐检验,正交试验,,,热壁加氢反应器,,复合管道,,,,U形管,,薄板奥氏体不锈钢,,,,,,,,,,真空灭菌器,,,,,,,,,,热响应,铅液池,氢气,,,MonteCarlo方法,,,,镍基焊材,,总体一次薄膜应力,,超级双相不锈钢,,,微观金相,,非对称性,,,
应变强化技术,结构尺寸,,,,,平板挠度,,铁含量,,,分析设计准则,,安全稳定性,分析评定,,,,晶间腐蚀试验,,,裂纹等缺陷,钢板超声检测,焊接性试验,,,多孔涂层管,,,,,,Cr9Mo炉管,,钛复合板,,,,,,,,,,一次性补偿器,,,,,,,,,,传热强化,横向流,城镇燃气,,,测定方法,,,,骑座式马鞍型埋弧焊机,,去应力退火,,应变强化奥氏体不锈钢,,,复合材料,,脆性,,,
统计技术,尺寸参数,,,,,长轴长度,,质量符合性验证,,,国产化设计,,安全分析,数理分析,,,,连多硫酸应力腐蚀开裂,,,密封失效,内旋转检测系统IRIS,拉脱力试验,,,中压管壳式余热锅炉,,,,,,长管无缝压力容器,,特厚板,,,,,,,,,,洗涤器,,,,,,,,,,热加工,流体力,高温烟气法,,,应力分类法,,,,焊补,,应力及应变,,钢丝网套,,,材料拘束,,动特性,,,
技术措施,壳体尺寸,,,,,控制厚度,,质量检查,,,重大工程设计案例,,,安定分析,,,,耐腐蚀材料,,,含缺陷压力管道,超声波检验,压力试验,,,薄壁管与管板焊,,,,,,圆弧切线波纹管,,补板,,,,,,,,,,PTA结晶器,,,,,,,,,,热压成型,对流,气焊操作,,,Omega方法,,,,焊后水冷,,真应力,,P92钢,,,耐火材料,,弹性变形,,,
堆焊技术,八角垫,,,,,梯度值,,传热量,,,制造难点,,,计算机分析,,,,,,,失稳失效,检测装置,斜Y形坡口焊接裂纹试验,,,防腐涂层,,,,,,过热管,,顶圆板,,,,,,,,,,预冷器,,,,,,,,,,强化传热,液压成形,湿硫化氢,,,施工方法,,,,带极堆焊,,一次弯曲应力,,含Mo不锈钢,,,金属尘化,,塑性修正因子ρ,,,
TOFD超声检测技术,模态参数,,,,,接管长度,,耐点蚀当量,,,分析设计方法,,,简化弹塑性分析,,,,,,,气孔缺陷,液体渗透检测,小冲杆试验,,,单层带极电渣堆焊,,,,,,集流管,,225Cr1Mo0Cr18Ni11Ti复合钢板,,,,,,,,,,非能动余热排出热交换器,,,,,,,,,,换热关联式,多股流,贮氢压力系统,,,内径控制法,,,,90 mm带极堆焊,,应力补偿机理,,不锈钢,,,SA387Gr11Cl2UNS N08825材料,,回火脆性,,,
多线程控制技术,动态特性系数,,,,,等效刚度,,伸长量控制法,,,管道设计,,,材质分析,,,,,,,损伤准则,基于风险的检验RBI,试验工况,,,不锈钢堆焊层,,,,,,浮动盘管,,板材消耗工艺定额,,,,,,,,,,空冷器,,,,,,,,,,VM12耐热钢,流固耦合,充放气,,,盲孔法,,,,平盖堆焊,,主应力方向,,铬镍奥氏体不锈钢,,,镍基合金,,非线性规划,,,
预应力技术,凹凸结构参数,,,,,管端平面度,,质量优化,,,设计方案,,,极限载荷分析,,,,,,,局部减薄缺陷,荧光磁粉检测,,,,整体多层夹紧式高压容器,,,,,,S型波纹管,,定尺板,,,,,,,,,,槽式液体分布器,,,,,,,,,,传热与阻力特性,流动,制氢,,,半面积补强法,,,,埋弧横焊,,,,NKHITEN610U2L钢,,,金属内衬,,活性氧化,,,
,蒸汽环境,,,,,计算长度,,减薄量,,,设计,,,分析法补强方法,,,,,,,失效形式,在用检验,,,,圆柱壳压力容器,,,,,,冷凝管,,开孔折流板,,,,,,,,,,空气预热器,,,,,,,,,,再热裂纹,流体弹性不稳定性,气体渗碳,,,Pearson法,,,,氩弧钎焊,,,,9Ni钢,,,硬质合金,,非线性超声,,,
,参数化建模,,,,,裂纹深度比,,散热量,,,塑性设计,,,变形分析,,,,,,,过热损伤,基于风险的检验,,,,大型拱顶网壳储罐,,,,,,制氢转化炉管,,支持板,,,,,,,,,,沉降器,,,,,,,,,,热旋压成型,涡流检查,富氩混合气体保护焊,,,G28A法,,,,不锈钢堆焊金属开裂,,,,225Cr1Mo钢,,,FRP复合材料,,低温冲击韧性,,,
,热角保护结构,,,,,维氏硬度,,螺栓伸长量,,,设计区域,,,混合分析法,,,,,,,缺陷数据识别,射线检测,,,,过渡层,,,,,,管式夹套容器,,顶部板式吊耳,,,,,,,,,,油冷却器,,,,,,,,,,换热特性,空气流速,车用压缩天然气,,,解析方法,,,,横焊堆焊,,,,921A钢,,,熔敷金属,,可转移性,,,
,三维曲面相似系数,,,,,大厚度,,质量检验,,,制造工艺,,,蠕变分析,,,,,,,蠕变损伤,常规超声波检测,,,,热分层,,,,,,金属波纹管膨胀节,,不锈钢板片,,,,,,,,,,反应流出物空冷器,,,,,,,,,,后热,溢流,压缩天然气,,,工程估算方法,,,,,,,,304H奥氏体不锈钢,,,氧化物冶金,,弹塑性屈曲,,,
,车间焊接环境菲绕林试验,,,,,高温断裂韧度,,侧向膨胀量,,,基于应变设计,,,热应力耦合分析,,,,,,,损伤力学,相控阵检测,,,,外压锥壳,,,,,,管座,,无垫板焊接,,,,,,,,,,高压加热器,,,,,,,,,,室内供热,超临界流体萃取,压缩气体,,,释放法,,,,,,,,15MnNi钢,,,Incoloy 800合金,,变极性等离子,,,
,角变形,,,,,设计厚度,,胀形量,,,加工制造,,,地震响应分析,,,,,,,失效评估曲线,,,,,单层,,,,,,信息管理系统,,SA387 Gr11 Cl2特厚板,,,,,,,,,,冷高压分离器,,,,,,,,,,热斑,多相流,,,,VMD算法,,,,,,,,低温高强钢,,,,,操作完整性平台,,,
,角接头,,,,,灵敏度,,电阻应变测量,,,压力容器制造,,,理论分析,,,,,,,减薄缺陷,,,,,缠绕层,,,,,,椭圆管,,板翅式传热元件,,,,,,,,,,高压空冷器,,,,,,,,,,热压缩,,,,,伽辽金法,,,,,,,,P91钢,,,,,弹性地基梁,,,
,通道角度,,,,,管壁厚度,,核质量分组,,,框架式结构设计方法,,,弹塑性分析法,,,,,,,冷焊缺陷,,,,,中性层,,,,,,盘管,,托砖盘底板修复,,,,,,,,,,黄铜热交换器,,,,,,,,,,交变热应力,,,,,二次加载法,,,,,,,,SA336F22CL3钢,,,,,磁各向异性,,,
,LM参数,,,,,水平刚度,,铁素体含量,,,堵头设计,,,非弹性分析,,,,,,,失效压力,,,,,薄壁内压球形容器,,,,,,组合管板,,厚板对接焊缝,,,,,,,,,,三通保护器,,,,,,,,,,热源模型,,,,,外测法,,,,,,,,铸造不锈钢,,,,,非均匀性,,,
,换热系数,,,,,高黏度物料搅拌器,,随机变量,,,设计载荷,,,ANSYS分析,,,,,,,主导失效机制,,,,,薄壁容器,,,,,,堵管条件,,热轧不锈钢复合钢板,,,,,,,,,,结晶器,,,,,,,,,,热强性,,,,,法规,,,,,,,,尿素级不锈钢,,,,,循环塑性,,,
,参数估计,,,,,拘束度,,支持向量机,,,纤维缠绕层设计,,,有限元分析,,,,,,,表面缺陷,,,,,壳程流体,,,,,,衬管,,钛钢复合板,,,,,,,,,,粘滞阻尼器,,,,,,,,,,焊接热影响区,,,,,冷压法,,,,,,,,SA335 P91钢,,,,,各向异性,,,
,工业大气环境,,,,,安全端长度,,铁素体量,,,关键制造工艺,,,研究分析,,,,,,,缺陷检测,,,,,表面涂层,,,,,,缠绕管,,复合板,,,,,,,,,,灭菌器,,,,,,,,,,漏热,,,,,一次二阶矩法,,,,,,,,高强钢,,,,,动态特性,,,
,应力范围减弱系数,,,,,可靠度,,调谐质量阻尼器,,,程序设计,,,应力分析,,,,,,,,,,,,紧凑型板壳式换热器,,,,,,金属软管,,板式空气预热器,,,,,,,,,,丙烯腈装置反应气体冷却器,,,,,,,,,,热脱盐水,,,,,评定方法,,,,,,,,10CrMo910钢,,,,,挠性密封条,,,
,复合湿硫化氢环境,,,,,里氏硬度,,当量圆管,,,远程协同设计系统,,,模态分析,,,,,,,,,,,,薄壁内压短圆筒,,,,,,钢管,,钢板,,,,,,,,,,塔器,,,,,,,,,,临界热流,,,,,计算方法,,,,,,,,含铝钢,,,,,双线性,,,
,环境污染,,,,,全密度反应器,,轻量化设计,,,协同优化设计,,,接管受力分析,,,,,,,,,,,,顶壁连接处,,,,,,压力容器用钢管,,波纹板片,,,,,,,,,,LNG气化器,,,,,,,,,,传热计算,,,,,磁性测定法,,,,,,,,JFEHITEN610U2L钢,,,,,弹性失稳,,,
,操作参数,,,,,轴向刚度,,纵缝直边余量,,,加强圈设计,,,抗震分析,,,,,,,,,,,,壁厚,,,,,,堵管准则,,压力容器用钢板,,,,,,,,,,余热排出热交换器,,,,,,,,,,承压热冲击,,,,,子程序法,,,,,,,,35CrMoA钢,,,,,外压稳定性,,,
,几何尺寸,,,,,初始厚度缺陷,,离散变量,,,局部法兰夹具设计,,,脆化分析,,,,,,,,,,,,管壳式换热器,,,,,,稳压器排放管,,铝制板翅式换热器,,,,,,,,,,表面蒸发空冷器,,,,,,,,,,热套衬环,,,,,反应谱方法,,,,,,,,WH59017MnNiVNbR钢,,,,,变极性TIG,,,
,环境疲劳修正因子,,,,,热梯度,,,,,内胆设计,,,统计分析,,,,,,,,,,,,搪玻璃层,,,,,,半管夹套,,弓形折流板,,,,,,,,,,球形进卸料器,,,,,,,,,,焊接热输入,,,,,过载法,,,,,,,,35Ni钢,,,,,塑性极限载荷,,,
,ANSYS参数化建模,,,,,压力降梯度,,,,,60年设计寿命,,,分析方法,,,,,,,,,,,,壳体,,,,,,滑动管板,,Ta1TA1Q345R复合板焊接,,,,,,,,,,稀醋酸酐冷凝器,,,,,,,,,,热循环载荷,,,,,倒装法,,,,,,,,TP347H钢,,,,,韧性补偿,,,
,外压应力系数B曲线,,,,,塔顶挠度,,,,,制造缺陷,,,腐蚀分析,,,,,,,,,,,,圆柱壳构件,,,,,,不锈钢衬管,,板式换热器,,,,,,,,,,内取热器,,,,,,,,,,大焊接热输入,,,,,端点衍射法,,,,,,,,08Cr2AlMo钢,,,,,高温完整性,,,
,大尺寸规格,,,,,超应变度,,,,,夹具设计准则,,,对比分析,,,,,,,,,,,,薄壁筒,,,,,,T22钢管,,支撑板,,,,,,,,,,平行流气冷器,,,,,,,,,,热箱,,,,,BTC方法,,,,,,,,应变强化不锈钢S30403,,,,,声特性,,,
,大角焊缝,,,,,布氏硬度,,,,,设计材料,,,风险模糊分析法,,,,,,,,,,,,纵流壳程,,,,,,无加强型波纹管,,镍基复合钢板,,,,,,,,,,凝汽器,,,,,,,,,,电热,,,,,θ函数法,,,,,,,,CrMo钢,,,,,适用性,,,
,接管内圆角,,,,,清晰度,,,,,,,,特性分析,,,,,,,,,,,,厚壁管,,,,,,绕管式换热器,,双面复合板,,,,,,,,,,,,,,,,,,,,真空绝热,,,,,聚焦法则,,,,,,,,不锈钢锻件,,,,,不均匀性,,,
,形状系数,,,,,功能梯度材料,,,,,,,,塑性极限分析,,,,,,,,,,,,多面壳体,,,,,,P23钢管,,堵板,,,,,,,,,,,,,,,,,,,,二次热循环,,,,,切环法,,,,,,,,07MnNiCrMoVDR钢,,,,,接触特性,,,
,动力系数法,,,,,厚度效应,,,,,,,,线弹性应力分析,,,,,,,,,,,,壳接触模型,,,,,,扁圆管,,12Cr2Mo1R厚板,,,,,,,,,,,,,,,,,,,,热老化,,,,,温差协调形变法,,,,,,,,渗铝钢,,,,,弹性核,,,
,螺纹升角,,,,,相对湿度,,,,,,,,时程分析,,,,,,,,,,,,多层波纹管,,,,,,堵管研究,,隔板,,,,,,,,,,,,,,,,,,,,局部过热,,,,,外推法,,,,,,,,20号钢,,,,,裂纹敏感性,,,
,二维单侧容限系数,,,,,关联度分析,,,,,,,,裂纹分析,,,,,,,,,,,,氧化层,,,,,,普通管板,,环板,,,,,,,,,,,,,,,,,,,,焊接热循环,,,,,内燃法,,,,,,,,不锈钢316LN,,,,,冷裂纹敏感性,,,
,CT试样尺寸,,,,,关联度,,,,,,,,分析验证,,,,,,,,,,,,球壳板压制,,,,,,管子内缩管板,,不锈钢板翅结构,,,,,,,,,,,,,,,,,,,,移动热载荷,,,,,修正算法,,,,,,,,225Cr1Mo不锈复合钢,,,,,使用性,,,
,线膨胀系数,,,,,H2S浓度,,,,,,,,LBB分析,,,,,,,,,,,,壳单元,,,,,,管板,,最大板厚,,,,,,,,,,,,,,,,,,,,热裂纹,,,,,,,,,,,,,钢材,,,,,塑性失稳,,,
,参数识别,,,,,梯度,,,,,,,,综合分析,,,,,,,,,,,,水冷壁管,,,,,,薄管板,,,,,,,,,,,,,,,,,,,,,,热旋压,,,,,,,,,,,,,15MnNiNbDR钢,,,,,挠性,,,
,排列角,,,,,流量分配不均匀度,,,,,,,,故障树分析,,,,,,,,,,,,管壳式冷凝器,,,,,,圆管法,,,,,,,,,,,,,,,,,,,,,,热暴露区,,,,,,,,,,,,,T92P92钢,,,,,有效弹性常数,,,
,频谱参数,,,,,平面度,,,,,,,,频谱分析,,,,,,,,,,,,球壳,,,,,,无加强U形波纹管,,,,,,,,,,,,,,,,,,,,,,热冲压成型,,,,,,,,,,,,,SA5083钢,,,,,弹塑性本构,,,
,腐蚀加速效应系数,,,,,冷却速度,,,,,,,,安定性分析,,,,,,,,,,,,低温液体罐车外壳,,,,,,绕管换热器,,,,,,,,,,,,,,,,,,,,,,流动与传热,,,,,,,,,,,,,高级不锈钢,,,,,相关性,,,
,棱角区,,,,,翅片高度,,,,,,,,小波分析,,,,,,,,,,,,外壳,,,,,,聚乙烯管,,,,,,,,,,,,,,,,,,,,,,红外热成像,,,,,,,,,,,,,双钢,,,,,非线性,,,
,ANSYS参数化设计语言,,,,,扭曲管轴向刚度,,,,,,,,评定分析,,,,,,,,,,,,高真空多层绝热低温容器,,,,,,翅片热管,,,,,,,,,,,,,,,,,,,,,,热膨胀差,,,,,,,,,,,,,16MnR钢,,,,,防止塑性垮塌,,,
,能力减弱系数,,,,,动态刚度,,,,,,,,弹塑性有限元分析,,,,,,,,,,,,水冷壁,,,,,,导压管,,,,,,,,,,,,,,,,,,,,,,热应力,,,,,,,,,,,,,SA240S31803双相不锈钢,,,,,,,,
,H2S环境,,,,,腐蚀深度,,,,,,,,力学分析,,,,,,,,,,,,厚壁筒,,,,,,9CrMo炉管,,,,,,,,,,,,,,,,,,,,,,传热准则式,,,,,,,,,,,,,碳钢,,,,,,,,
,拘束参数,,,,,胀接程度,,,,,,,,受力分析,,,,,,,,,,,,修正边界层模型,,,,,,管线钢,,,,,,,,,,,,,,,,,,,,,,相变传热,,,,,,,,,,,,,不锈钢网丝,,,,,,,,
,深度系数,,,,,清洁度控制,,,,,,,,等几何分析,,,,,,,,,,,,大型厚壁容器,,,,,,套管换热器,,,,,,,,,,,,,,,,,,,,,,动态换热边界,,,,,,,,,,,,,钢棒,,,,,,,,
,参数优化,,,,,垂直度控制,,,,,,,,瞬态动力学分析,,,,,,,,,,,,双层C型LNG储罐,,,,,,管管板,,,,,,,,,,,,,,,,,,,,,,热振幅曲线法,,,,,,,,,,,,,锰镍钼低合金钢,,,,,,,,
,管板角焊缝,,,,,灰度图像,,,,,,,,弹塑性疲劳分析,,,,,,,,,,,,厚壁容器,,,,,,蒸发器传热管,,,,,,,,,,,,,,,,,,,,,,传热与压降,,,,,,,,,,,,,347型不锈钢,,,,,,,,
,折减系数,,,,,单位周期流道轴向长度,,,,,,,,仿真分析,,,,,,,,,,,,薄壁圆筒,,,,,,长管拖车,,,,,,,,,,,,,,,,,,,,,,热偶,,,,,,,,,,,,,,,,,,,,,
,工艺参数,,,,,制度体系,,,,,,,,模糊分析,,,,,,,,,,,,堆焊层开裂,,,,,,端焊式套管换热器,,,,,,,,,,,,,,,,,,,,,,,,,,,,,,,,,,,,,,,,,,,
,腐蚀环境,,,,,制度安排,,,,,,,,弹塑性分析,,,,,,,,,,,,大型管壳式换热器,,,,,,对流管,,,,,,,,,,,,,,,,,,,,,,,,,,,,,,,,,,,,,,,,,,,
,应力集中系数,,,,,名义厚度,,,,,,,,对称载荷分析弹性基础板,,,,,,,,,,,,层间接触摩擦,,,,,,监管要求,,,,,,,,,,,,,,,,,,,,,,,,,,,,,,,,,,,,,,,,,,,
,管座角焊缝,,,,,柔度变化率,,,,,,,,瞬态分析,,,,,,,,,,,,再烘干堆叠层数,,,,,,异径弯管,,,,,,,,,,,,,,,,,,,,,,,,,,,,,,,,,,,,,,,,,,,
,射线角度,,,,,高密度聚乙烯HDPE,,,,,,,,随机分析,,,,,,,,,,,,主泵泵壳,,,,,,双套管,,,,,,,,,,,,,,,,,,,,,,,,,,,,,,,,,,,,,,,,,,,
,参数设计,,,,,切口深度,,,,,,,,分析,,,,,,,,,,,,壁厚计算公式,,,,,,P91钢管,,,,,,,,,,,,,,,,,,,,,,,,,,,,,,,,,,,,,,,,,,,
,结构参数,,,,,卷制圆度,,,,,,,,密封分析,,,,,,,,,,,,外护层开裂,,,,,,波纹管膨胀节,,,,,,,,,,,,,,,,,,,,,,,,,,,,,,,,,,,,,,,,,,,
,应力增大系数,,,,,透照厚度,,,,,,,,场协同分析,,,,,,,,,,,,锥壳,,,,,,波纹管换热器,,,,,,,,,,,,,,,,,,,,,,,,,,,,,,,,,,,,,,,,,,,
,螺旋角,,,,,热处理制度,,,,,,,,热应力分析,,,,,,,,,,,,双层管,,,,,,多套管换热器,,,,,,,,,,,,,,,,,,,,,,,,,,,,,,,,,,,,,,,,,,,
,传热系数,,,,,显微硬度,,,,,,,,热棘轮分析,,,,,,,,,,,,带径向接管的圆柱壳,,,,,,取热管,,,,,,,,,,,,,,,,,,,,,,,,,,,,,,,,,,,,,,,,,,,
,火灾环境,,,,,临界横流速度,,,,,,,,TOFD图像分析,,,,,,,,,,,,夹层阻尼,,,,,,乙烯裂解炉HP40炉管,,,,,,,,,,,,,,,,,,,,,,,,,,,,,,,,,,,,,,,,,,,
,环境影响疲劳,,,,,精度,,,,,,,,腐蚀原因分析,,,,,,,,,,,,壳体失稳,,,,,,列管式换热器,,,,,,,,,,,,,,,,,,,,,,,,,,,,,,,,,,,,,,,,,,,
,,,,,,硬度,,,,,,,,塑性分析,,,,,,,,,,,,高真空多层绝热,,,,,,C22哈氏合金盘管式酰胺加热器,,,,,,,,,,,,,,,,,,,,,,,,,,,,,,,,,,,,,,,,,,,
,,,,,,绝热层厚度,,,,,,,,,,,,,,,,,,,,斜锥壳,,,,,,管板焊接,,,,,,,,,,,,,,,,,,,,,,,,,,,,,,,,,,,,,,,,,,,
,,,,,,,,,,,,,,,,,,,,,,,,,,断层错动,,,,,,热电偶套管,,,,,,,,,,,,,,,,,,,,,,,,,,,,,,,,,,,,,,,,,,,
,,,,,,,,,,,,,,,,,,,,,,,,,,环壳,,,,,,多频管中电流法,,,,,,,,,,,,,,,,,,,,,,,,,,,,,,,,,,,,,,,,,,,
,,,,,,,,,,,,,,,,,,,,,,,,,,地震断层,,,,,,冷却管束,,,,,,,,,,,,,,,,,,,,,,,,,,,,,,,,,,,,,,,,,,,
,,,,,,,,,,,,,,,,,,,,,,,,,,球壳板,,,,,,X65管线钢,,,,,,,,,,,,,,,,,,,,,,,,,,,,,,,,,,,,,,,,,,,
,,,,,,,,,,,,,,,,,,,,,,,,,,壳程,,,,,,Ω型波纹管,,,,,,,,,,,,,,,,,,,,,,,,,,,,,,,,,,,,,,,,,,,
,,,,,,,,,,,,,,,,,,,,,,,,,,集成管箱型管壳式换热器,,,,,,下管箱,,,,,,,,,,,,,,,,,,,,,,,,,,,,,,,,,,,,,,,,,,,
,,,,,,,,,,,,,,,,,,,,,,,,,,,,,,,,Cr5Mo钢管,,,,,,,,,,,,,,,,,,,,,,,,,,,,,,,,,,,,,,,,,,,
,,,,,,,,,,,,,,,,,,,,,,,,,,,,,,,,数据库管理系统,,,,,,,,,,,,,,,,,,,,,,,,,,,,,,,,,,,,,,,,,,,
,,,,,,,,,,,,,,,,,,,,,,,,,,,,,,,,汇管,,,,,,,,,,,,,,,,,,,,,,,,,,,,,,,,,,,,,,,,,,,
,,,,,,,,,,,,,,,,,,,,,,,,,,,,,,,,超高压聚乙烯输送管,,,,,,,,,,,,,,,,,,,,,,,,,,,,,,,,,,,,,,,,,,,
,,,,,,,,,,,,,,,,,,,,,,,,,,,,,,,,蒸汽弯管,,,,,,,,,,,,,,,,,,,,,,,,,,,,,,,,,,,,,,,,,,,
,,,,,,,,,,,,,,,,,,,,,,,,,,,,,,,,管子管板焊接,,,,,,,,,,,,,,,,,,,,,,,,,,,,,,,,,,,,,,,,,,,
,,,,,,,,,,,,,,,,,,,,,,,,,,,,,,,,25Cr35NiNb微合金乙烯裂解炉管,,,,,,,,,,,,,,,,,,,,,,,,,,,,,,,,,,,,,,,,,,,
,,,,,,,,,,,,,,,,,,,,,,,,,,,,,,,,管线,,,,,,,,,,,,,,,,,,,,,,,,,,,,,,,,,,,,,,,,,,,
,,,,,,,,,,,,,,,,,,,,,,,,,,,,,,,,管子与管板,,,,,,,,,,,,,,,,,,,,,,,,,,,,,,,,,,,,,,,,,,,
,,,,,,,,,,,,,,,,,,,,,,,,,,,,,,,,扭曲扁管,,,,,,,,,,,,,,,,,,,,,,,,,,,,,,,,,,,,,,,,,,,
,,,,,,,,,,,,,,,,,,,,,,,,,,,,,,,,钛管,,,,,,,,,,,,,,,,,,,,,,,,,,,,,,,,,,,,,,,,,,,
,,,,,,,,,,,,,,,,,,,,,,,,,,,,,,,,固定管板,,,,,,,,,,,,,,,,,,,,,,,,,,,,,,,,,,,,,,,,,,,
,,,,,,,,,,,,,,,,,,,,,,,,,,,,,,,,油套管,,,,,,,,,,,,,,,,,,,,,,,,,,,,,,,,,,,,,,,,,,,
,,,,,,,,,,,,,,,,,,,,,,,,,,,,,,,,环形管板,,,,,,,,,,,,,,,,,,,,,,,,,,,,,,,,,,,,,,,,,,,
,,,,,,,,,,,,,,,,,,,,,,,,,,,,,,,,缩放管,,,,,,,,,,,,,,,,,,,,,,,,,,,,,,,,,,,,,,,,,,,
,,,,,,,,,,,,,,,,,,,,,,,,,,,,,,,,主管,,,,,,,,,,,,,,,,,,,,,,,,,,,,,,,,,,,,,,,,,,,
,,,,,,,,,,,,,,,,,,,,,,,,,,,,,,,,现役管线移位,,,,,,,,,,,,,,,,,,,,,,,,,,,,,,,,,,,,,,,,,,,
,,,,,,,,,,,,,,,,,,,,,,,,,,,,,,,,酸性服役钢管,,,,,,,,,,,,,,,,,,,,,,,,,,,,,,,,,,,,,,,,,,,
,,,,,,,,,,,,,,,,,,,,,,,,,,,,,,,,波纹管,,,,,,,,,,,,,,,,,,,,,,,,,,,,,,,,,,,,,,,,,,,
,,,,,,,,,,,,,,,,,,,,,,,,,,,,,,,,管嘴,,,,,,,,,,,,,,,,,,,,,,,,,,,,,,,,,,,,,,,,,,,
,,,,,,,,,,,,,,,,,,,,,,,,,,,,,,,,管系,,,,,,,,,,,,,,,,,,,,,,,,,,,,,,,,,,,,,,,,,,,
,,,,,,,,,,,,,,,,,,,,,,,,,,,,,,,,管束套装,,,,,,,,,,,,,,,,,,,,,,,,,,,,,,,,,,,,,,,,,,,
,,,,,,,,,,,,,,,,,,,,,,,,,,,,,,,,加热套管,,,,,,,,,,,,,,,,,,,,,,,,,,,,,,,,,,,,,,,,,,,
,,,,,,,,,,,,,,,,,,,,,,,,,,,,,,,,内管材料,,,,,,,,,,,,,,,,,,,,,,,,,,,,,,,,,,,,,,,,,,,
,,,,,,,,,,,,,,,,,,,,,,,,,,,,,,,,主管板,,,,,,,,,,,,,,,,,,,,,,,,,,,,,,,,,,,,,,,,,,,
,,,,,,,,,,,,,,,,,,,,,,,,,,,,,,,,管线钢管,,,,,,,,,,,,,,,,,,,,,,,,,,,,,,,,,,,,,,,,,,,
,,,,,,,,,,,,,,,,,,,,,,,,,,,,,,,,导汽管,,,,,,,,,,,,,,,,,,,,,,,,,,,,,,,,,,,,,,,,,,,
,,,,,,,,,,,,,,,,,,,,,,,,,,,,,,,,复合中空热管,,,,,,,,,,,,,,,,,,,,,,,,,,,,,,,,,,,,,,,,,,,
,,,,,,,,,,,,,,,,,,,,,,,,,,,,,,,,挠性薄管板,,,,,,,,,,,,,,,,,,,,,,,,,,,,,,,,,,,,,,,,,,,
,,,,,,,,,,,,,,,,,,,,,,,,,,,,,,,,火炬管网,,,,,,,,,,,,,,,,,,,,,,,,,,,,,,,,,,,,,,,,,,,
,,,,,,,,,,,,,,,,,,,,,,,,,,,,,,,,装车汇管,,,,,,,,,,,,,,,,,,,,,,,,,,,,,,,,,,,,,,,,,,,
,,,,,,,,,,,,,,,,,,,,,,,,,,,,,,,,挠性管板,,,,,,,,,,,,,,,,,,,,,,,,,,,,,,,,,,,,,,,,,,,
,,,,,,,,,,,,,,,,,,,,,,,,,,,,,,,,LNG车用气瓶颈管,,,,,,,,,,,,,,,,,,,,,,,,,,,,,,,,,,,,,,,,,,,
,,,,,,,,,,,,,,,,,,,,,,,,,,,,,,,,外取热器管束,,,,,,,,,,,,,,,,,,,,,,,,,,,,,,,,,,,,,,,,,,,
,,,,,,,,,,,,,,,,,,,,,,,,,,,,,,,,椭圆翅片管,,,,,,,,,,,,,,,,,,,,,,,,,,,,,,,,,,,,,,,,,,,
,,,,,,,,,,,,,,,,,,,,,,,,,,,,,,,,取样管线,,,,,,,,,,,,,,,,,,,,,,,,,,,,,,,,,,,,,,,,,,,
,,,,,,,,,,,,,,,,,,,,,,,,,,,,,,,,管板焊缝,,,,,,,,,,,,,,,,,,,,,,,,,,,,,,,,,,,,,,,,,,,
,,,,,,,,,,,,,,,,,,,,,,,,,,,,,,,,胀管后检查,,,,,,,,,,,,,,,,,,,,,,,,,,,,,,,,,,,,,,,,,,,
,,,,,,,,,,,,,,,,,,,,,,,,,,,,,,,,进水管,,,,,,,,,,,,,,,,,,,,,,,,,,,,,,,,,,,,,,,,,,,
,,,,,,,,,,,,,,,,,,,,,,,,,,,,,,,,管箱结构,,,,,,,,,,,,,,,,,,,,,,,,,,,,,,,,,,,,,,,,,,,
,,,,,,,,,,,,,,,,,,,,,,,,,,,,,,,,锅炉联络管,,,,,,,,,,,,,,,,,,,,,,,,,,,,,,,,,,,,,,,,,,,
,,,,,,,,,,,,,,,,,,,,,,,,,,,,,,,,反应器管,,,,,,,,,,,,,,,,,,,,,,,,,,,,,,,,,,,,,,,,,,,
,,,,,,,,,,,,,,,,,,,,,,,,,,,,,,,,管与管板的连接,,,,,,,,,,,,,,,,,,,,,,,,,,,,,,,,,,,,,,,,,,,
,,,,,,,,,,,,,,,,,,,,,,,,,,,,,,,,铸铁管,,,,,,,,,,,,,,,,,,,,,,,,,,,,,,,,,,,,,,,,,,,
,,,,,,,,,,,,,,,,,,,,,,,,,,,,,,,,顶张力立管,,,,,,,,,,,,,,,,,,,,,,,,,,,,,,,,,,,,,,,,,,,
,,,,,,,,,,,,,,,,,,,,,,,,,,,,,,,,稳压器波动管,,,,,,,,,,,,,,,,,,,,,,,,,,,,,,,,,,,,,,,,,,,
,,,,,,,,,,,,,,,,,,,,,,,,,,,,,,,,管箱,,,,,,,,,,,,,,,,,,,,,,,,,,,,,,,,,,,,,,,,,,,
,,,,,,,,,,,,,,,,,,,,,,,,,,,,,,,,高炉煤气管系,,,,,,,,,,,,,,,,,,,,,,,,,,,,,,,,,,,,,,,,,,,
,,,,,,,,,,,,,,,,,,,,,,,,,,,,,,,,内管板,,,,,,,,,,,,,,,,,,,,,,,,,,,,,,,,,,,,,,,,,,,
,,,,,,,,,,,,,,,,,,,,,,,,,,,,,,,,钉头管,,,,,,,,,,,,,,,,,,,,,,,,,,,,,,,,,,,,,,,,,,,
,,,,,,,,,,,,,,,,,,,,,,,,,,,,,,,,高温热管翅,,,,,,,,,,,,,,,,,,,,,,,,,,,,,,,,,,,,,,,,,,,
,,,,,,,,,,,,,,,,,,,,,,,,,,,,,,,,周边不布管区,,,,,,,,,,,,,,,,,,,,,,,,,,,,,,,,,,,,,,,,,,,
,,,,,,,,,,,,,,,,,,,,,,,,,,,,,,,,入口集合管,,,,,,,,,,,,,,,,,,,,,,,,,,,,,,,,,,,,,,,,,,,
,,,,,,,,,,,,,,,,,,,,,,,,,,,,,,,,出口管,,,,,,,,,,,,,,,,,,,,,,,,,,,,,,,,,,,,,,,,,,,
,,,,,,,,,,,,,,,,,,,,,,,,,,,,,,,,城市燃气管网,,,,,,,,,,,,,,,,,,,,,,,,,,,,,,,,,,,,,,,,,,,
,,,,,,,,,,,,,,,,,,,,,,,,,,,,,,,,油气管线,,,,,,,,,,,,,,,,,,,,,,,,,,,,,,,,,,,,,,,,,,,
,,,,,,,,,,,,,,,,,,,,,,,,,,,,,,,,混合管束,,,,,,,,,,,,,,,,,,,,,,,,,,,,,,,,,,,,,,,,,,,
,,,,,,,,,,,,,,,,,,,,,,,,,,,,,,,,天然气管线,,,,,,,,,,,,,,,,,,,,,,,,,,,,,,,,,,,,,,,,,,,
,,,,,,,,,,,,,,,,,,,,,,,,,,,,,,,,管板结构,,,,,,,,,,,,,,,,,,,,,,,,,,,,,,,,,,,,,,,,,,,
,,,,,,,,,,,,,,,,,,,,,,,,,,,,,,,,内冷管组,,,,,,,,,,,,,,,,,,,,,,,,,,,,,,,,,,,,,,,,,,,
,,,,,,,,,,,,,,,,,,,,,,,,,,,,,,,,三维翅片管,,,,,,,,,,,,,,,,,,,,,,,,,,,,,,,,,,,,,,,,,,,
,,,,,,,,,,,,,,,,,,,,,,,,,,,,,,,,半管盘管,,,,,,,,,,,,,,,,,,,,,,,,,,,,,,,,,,,,,,,,,,,
,,,,,,,,,,,,,,,,,,,,,,,,,,,,,,,,排污管,,,,,,,,,,,,,,,,,,,,,,,,,,,,,,,,,,,,,,,,,,,
,,,,,,,,,,,,,,,,,,,,,,,,,,,,,,,,列管式废热锅炉,,,,,,,,,,,,,,,,,,,,,,,,,,,,,,,,,,,,,,,,,,,
,,,,,,,,,,,,,,,,,,,,,,,,,,,,,,,,支管,,,,,,,,,,,,,,,,,,,,,,,,,,,,,,,,,,,,,,,,,,,
,,,,,,,,,,,,,,,,,,,,,,,,,,,,,,,,压力容器管理,,,,,,,,,,,,,,,,,,,,,,,,,,,,,,,,,,,,,,,,,,,
,,,,,,,,,,,,,,,,,,,,,,,,,,,,,,,,绕管,,,,,,,,,,,,,,,,,,,,,,,,,,,,,,,,,,,,,,,,,,,
,,,,,,,,,,,,,,,,,,,,,,,,,,,,,,,,缩径管段,,,,,,,,,,,,,,,,,,,,,,,,,,,,,,,,,,,,,,,,,,,
,,,,,,,,,,,,,,,,,,,,,,,,,,,,,,,,管板间隙,,,,,,,,,,,,,,,,,,,,,,,,,,,,,,,,,,,,,,,,,,,
,,,,,,,,,,,,,,,,,,,,,,,,,,,,,,,,不锈钢小径管,,,,,,,,,,,,,,,,,,,,,,,,,,,,,,,,,,,,,,,,,,,
,,,,,,,,,,,,,,,,,,,,,,,,,,,,,,,,半圆管夹套,,,,,,,,,,,,,,,,,,,,,,,,,,,,,,,,,,,,,,,,,,,
,,,,,,,,,,,,,,,,,,,,,,,,,,,,,,,,双管板换热器,,,,,,,,,,,,,,,,,,,,,,,,,,,,,,,,,,,,,,,,,,,
,,,,,,,,,,,,,,,,,,,,,,,,,,,,,,,,换热管,,,,,,,,,,,,,,,,,,,,,,,,,,,,,,,,,,,,,,,,,,,
,,,,,,,,,,,,,,,,,,,,,,,,,,,,,,,,钢带缠绕增强复合管,,,,,,,,,,,,,,,,,,,,,,,,,,,,,,,,,,,,,,,,,,,
,,,,,,,,,,,,,,,,,,,,,,,,,,,,,,,,Ω形波纹管,,,,,,,,,,,,,,,,,,,,,,,,,,,,,,,,,,,,,,,,,,,
,,,,,,,,,,,,,,,,,,,,,,,,,,,,,,,,X70管线钢,,,,,,,,,,,,,,,,,,,,,,,,,,,,,,,,,,,,,,,,,,,
,,,,,,,,,,,,,,,,,,,,,,,,,,,,,,,,镍基合金换热管,,,,,,,,,,,,,,,,,,,,,,,,,,,,,,,,,,,,,,,,,,,
,,,,,,,,,,,,,,,,,,,,,,,,,,,,,,,,管网拓扑,,,,,,,,,,,,,,,,,,,,,,,,,,,,,,,,,,,,,,,,,,,
,,,,,,,,,,,,,,,,,,,,,,,,,,,,,,,,裂解炉管,,,,,,,,,,,,,,,,,,,,,,,,,,,,,,,,,,,,,,,,,,,
,,,,,,,,,,,,,,,,,,,,,,,,,,,,,,,,X80管线钢,,,,,,,,,,,,,,,,,,,,,,,,,,,,,,,,,,,,,,,,,,,
,,,,,,,,,,,,,,,,,,,,,,,,,,,,,,,,裂解炉炉管,,,,,,,,,,,,,,,,,,,,,,,,,,,,,,,,,,,,,,,,,,,
,,,,,,,,,,,,,,,,,,,,,,,,,,,,,,,,管板布管区,,,,,,,,,,,,,,,,,,,,,,,,,,,,,,,,,,,,,,,,,,,
,,,,,,,,,,,,,,,,,,,,,,,,,,,,,,,,C形管,,,,,,,,,,,,,,,,,,,,,,,,,,,,,,,,,,,,,,,,,,,
,,,,,,,,,,,,,,,,,,,,,,,,,,,,,,,,布管方式,,,,,,,,,,,,,,,,,,,,,,,,,,,,,,,,,,,,,,,,,,,
,,,,,,,,,,,,,,,,,,,,,,,,,,,,,,,,翅片缩放管式蓄热体,,,,,,,,,,,,,,,,,,,,,,,,,,,,,,,,,,,,,,,,,,,
,,,,,,,,,,,,,,,,,,,,,,,,,,,,,,,,多跨管,,,,,,,,,,,,,,,,,,,,,,,,,,,,,,,,,,,,,,,,,,,
,,,,,,,,,,,,,,,,,,,,,,,,,,,,,,,,缠绕管式换热器,,,,,,,,,,,,,,,,,,,,,,,,,,,,,,,,,,,,,,,,,,,
,,,,,,,,,,,,,,,,,,,,,,,,,,,,,,,,X80钢管,,,,,,,,,,,,,,,,,,,,,,,,,,,,,,,,,,,,,,,,,,,
,,,,,,,,,,,,,,,,,,,,,,,,,,,,,,,,套管,,,,,,,,,,,,,,,,,,,,,,,,,,,,,,,,,,,,,,,,,,,
,,,,,,,,,,,,,,,,,,,,,,,,,,,,,,,,圆管盘管,,,,,,,,,,,,,,,,,,,,,,,,,,,,,,,,,,,,,,,,,,,
,,,,,,,,,,,,,,,,,,,,,,,,,,,,,,,,动态风险监管,,,,,,,,,,,,,,,,,,,,,,,,,,,,,,,,,,,,,,,,,,,
,,,,,,,,,,,,,,,,,,,,,,,,,,,,,,,,反应管,,,,,,,,,,,,,,,,,,,,,,,,,,,,,,,,,,,,,,,,,,,
,,,,,,,,,,,,,,,,,,,,,,,,,,,,,,,,X80级管线钢,,,,,,,,,,,,,,,,,,,,,,,,,,,,,,,,,,,,,,,,,,,
,,,,,,,,,,,,,,,,,,,,,,,,,,,,,,,,液态金属热管,,,,,,,,,,,,,,,,,,,,,,,,,,,,,,,,,,,,,,,,,,,
,,,,,,,,,,,,,,,,,,,,,,,,,,,,,,,,波节换热管,,,,,,,,,,,,,,,,,,,,,,,,,,,,,,,,,,,,,,,,,,,
,,,,,,,,,,,,,,,,,,,,,,,,,,,,,,,,管板组件,,,,,,,,,,,,,,,,,,,,,,,,,,,,,,,,,,,,,,,,,,,
,,,,,,,,,,,,,,,,,,,,,,,,,,,,,,,,内管泄漏,,,,,,,,,,,,,,,,,,,,,,,,,,,,,,,,,,,,,,,,,,,
,,,,,,,,,,,,,,,,,,,,,,,,,,,,,,,,炉管爆破,,,,,,,,,,,,,,,,,,,,,,,,,,,,,,,,,,,,,,,,,,,
,,,,,,,,,,,,,,,,,,,,,,,,,,,,,,,,C形传热管,,,,,,,,,,,,,,,,,,,,,,,,,,,,,,,,,,,,,,,,,,,
,,,,,,,,,,,,,,,,,,,,,,,,,,,,,,,,给水管嘴,,,,,,,,,,,,,,,,,,,,,,,,,,,,,,,,,,,,,,,,,,,
,,,,,,,,,,,,,,,,,,,,,,,,,,,,,,,,隧道管,,,,,,,,,,,,,,,,,,,,,,,,,,,,,,,,,,,,,,,,,,,
,,,,,,,,,,,,,,,,,,,,,,,,,,,,,,,,普通高温热管,,,,,,,,,,,,,,,,,,,,,,,,,,,,,,,,,,,,,,,,,,,
,,,,,,,,,,,,,,,,,,,,,,,,,,,,,,,,管束,,,,,,,,,,,,,,,,,,,,,,,,,,,,,,,,,,,,,,,,,,,
,,,,,,,,,,,,,,,,,,,,,,,,,,,,,,,,双管板,,,,,,,,,,,,,,,,,,,,,,,,,,,,,,,,,,,,,,,,,,,
,,,,,,,,,,,,,,,,,,,,,,,,,,,,,,,,胀管轮廓,,,,,,,,,,,,,,,,,,,,,,,,,,,,,,,,,,,,,,,,,,,
,,,,,,,,,,,,,,,,,,,,,,,,,,,,,,,,防磨套管,,,,,,,,,,,,,,,,,,,,,,,,,,,,,,,,,,,,,,,,,,,
,,,,,,,,,,,,,,,,,,,,,,,,,,,,,,,,AL6XN炉管,,,,,,,,,,,,,,,,,,,,,,,,,,,,,,,,,,,,,,,,,,,
,,,,,,,,,,,,,,,,,,,,,,,,,,,,,,,,扭曲管,,,,,,,,,,,,,,,,,,,,,,,,,,,,,,,,,,,,,,,,,,,
,,,,,,,,,,,,,,,,,,,,,,,,,,,,,,,,蛇形管,,,,,,,,,,,,,,,,,,,,,,,,,,,,,,,,,,,,,,,,,,,
,,,,,,,,,,,,,,,,,,,,,,,,,,,,,,,,高温热管换热器,,,,,,,,,,,,,,,,,,,,,,,,,,,,,,,,,,,,,,,,,,,
,,,,,,,,,,,,,,,,,,,,,,,,,,,,,,,,复合管,,,,,,,,,,,,,,,,,,,,,,,,,,,,,,,,,,,,,,,,,,,
,,,,,,,,,,,,,,,,,,,,,,,,,,,,,,,,管理,,,,,,,,,,,,,,,,,,,,,,,,,,,,,,,,,,,,,,,,,,,
,,,,,,,,,,,,,,,,,,,,,,,,,,,,,,,,现场换管,,,,,,,,,,,,,,,,,,,,,,,,,,,,,,,,,,,,,,,,,,,
,,,,,,,,,,,,,,,,,,,,,,,,,,,,,,,,乙烯裂解炉管,,,,,,,,,,,,,,,,,,,,,,,,,,,,,,,,,,,,,,,,,,,
,,,,,,,,,,,,,,,,,,,,,,,,,,,,,,,,加氢裂化装置排凝管,,,,,,,,,,,,,,,,,,,,,,,,,,,,,,,,,,,,,,,,,,,
,,,,,,,,,,,,,,,,,,,,,,,,,,,,,,,,高压钢管,,,,,,,,,,,,,,,,,,,,,,,,,,,,,,,,,,,,,,,,,,,
,,,,,,,,,,,,,,,,,,,,,,,,,,,,,,,,管板计算,,,,,,,,,,,,,,,,,,,,,,,,,,,,,,,,,,,,,,,,,,,
,,,,,,,,,,,,,,,,,,,,,,,,,,,,,,,,炉管,,,,,,,,,,,,,,,,,,,,,,,,,,,,,,,,,,,,,,,,,,,
,,,,,,,,,,,,,,,,,,,,,,,,,,,,,,,,渗铝管,,,,,,,,,,,,,,,,,,,,,,,,,,,,,,,,,,,,,,,,,,,
,,,,,,,,,,,,,,,,,,,,,,,,,,,,,,,,换热管与管板,,,,,,,,,,,,,,,,,,,,,,,,,,,,,,,,,,,,,,,,,,,
,,,,,,,,,,,,,,,,,,,,,,,,,,,,,,,,热管,,,,,,,,,,,,,,,,,,,,,,,,,,,,,,,,,,,,,,,,,,,
,,,,,,,,,,,,,,,,,,,,,,,,,,,,,,,,无缝钢管,,,,,,,,,,,,,,,,,,,,,,,,,,,,,,,,,,,,,,,,,,,
,,,,,,,,,,,,,,,,,,,,,,,,,,,,,,,,配气管网,,,,,,,,,,,,,,,,,,,,,,,,,,,,,,,,,,,,,,,,,,,
,,,,,,,,,,,,,,,,,,,,,,,,,,,,,,,,管子管板,,,,,,,,,,,,,,,,,,,,,,,,,,,,,,,,,,,,,,,,,,,
,,,,,,,,,,,,,,,,,,,,,,,,,,,,,,,,传热管,,,,,,,,,,,,,,,,,,,,,,,,,,,,,,,,,,,,,,,,,,,
,,,,,,,,,,,,,,,,,,,,,,,,,,,,,,,,等弦波形管,,,,,,,,,,,,,,,,,,,,,,,,,,,,,,,,,,,,,,,,,,,
,,,,,,,,,,,,,,,,,,,,,,,,,,,,,,,,主蒸汽管,,,,,,,,,,,,,,,,,,,,,,,,,,,,,,,,,,,,,,,,,,,
,,,,,,,,,,,,,,,,,,,,,,,,,,,,,,,,管端焊,,,,,,,,,,,,,,,,,,,,,,,,,,,,,,,,,,,,,,,,,,,
,,,,,,,,,,,,,,,,,,,,,,,,,,,,,,,,重力热管,,,,,,,,,,,,,,,,,,,,,,,,,,,,,,,,,,,,,,,,,,,
,,,,,,,,,,,,,,,,,,,,,,,,,,,,,,,,U形波纹管,,,,,,,,,,,,,,,,,,,,,,,,,,,,,,,,,,,,,,,,,,,
,,,,,,,,,,,,,,,,,,,,,,,,,,,,,,,,管与管板焊接,,,,,,,,,,,,,,,,,,,,,,,,,,,,,,,,,,,,,,,,,,,
,,,,,,,,,,,,,,,,,,,,,,,,,,,,,,,,胀管区,,,,,,,,,,,,,,,,,,,,,,,,,,,,,,,,,,,,,,,,,,,
,,,,,,,,,,,,,,,,,,,,,,,,,,,,,,,,锅炉炉管,,,,,,,,,,,,,,,,,,,,,,,,,,,,,,,,,,,,,,,,,,,
,,,,,,,,,,,,,,,,,,,,,,,,,,,,,,,,蒸汽发生器管嘴,,,,,,,,,,,,,,,,,,,,,,,,,,,,,,,,,,,,,,,,,,,
,,,,,,,,,,,,,,,,,,,,,,,,,,,,,,,,高温管线,,,,,,,,,,,,,,,,,,,,,,,,,,,,,,,,,,,,,,,,,,,
,,,,,,,,,,,,,,,,,,,,,,,,,,,,,,,,换热器管束,,,,,,,,,,,,,,,,,,,,,,,,,,,,,,,,,,,,,,,,,,,
,,,,,,,,,,,,,,,,,,,,,,,,,,,,,,,,翅片管,,,,,,,,,,,,,,,,,,,,,,,,,,,,,,,,,,,,,,,,,,,
,,,,,,,,,,,,,,,,,,,,,,,,,,,,,,,,机械胀管,,,,,,,,,,,,,,,,,,,,,,,,,,,,,,,,,,,,,,,,,,,
,,,,,,,,,,,,,,,,,,,,,,,,,,,,,,,,CRDM管座,,,,,,,,,,,,,,,,,,,,,,,,,,,,,,,,,,,,,,,,,,,
,,,,,,,,,,,,,,,,,,,,,,,,,,,,,,,,中频加热弯管,,,,,,,,,,,,,,,,,,,,,,,,,,,,,,,,,,,,,,,,,,,
,,,,,,,,,,,,,,,,,,,,,,,,,,,,,,,,高压气管线,,,,,,,,,,,,,,,,,,,,,,,,,,,,,,,,,,,,,,,,,,,
,,,,,,,,,,,,,,,,,,,,,,,,,,,,,,,,N型管箱,,,,,,,,,,,,,,,,,,,,,,,,,,,,,,,,,,,,,,,,,,,
,,,,,,,,,,,,,,,,,,,,,,,,,,,,,,,,2RE69Zr702双金属管,,,,,,,,,,,,,,,,,,,,,,,,,,,,,,,,,,,,,,,,,,,
,,,,,,,,,,,,,,,,,,,,,,,,,,,,,,,,U型管换热器,,,,,,,,,,,,,,,,,,,,,,,,,,,,,,,,,,,,,,,,,,,
,,,,,,,,,,,,,,,,,,,,,,,,,,,,,,,,固定管板式换热器,,,,,,,,,,,,,,,,,,,,,,,,,,,,,,,,,,,,,,,,,,,
,,,,,,,,,,,,,,,,,,,,,,,,,,,,,,,,安注管,,,,,,,,,,,,,,,,,,,,,,,,,,,,,,,,,,,,,,,,,,,
,,,,,,,,,,,,,,,,,,,,,,,,,,,,,,,,爆管事故,,,,,,,,,,,,,,,,,,,,,,,,,,,,,,,,,,,,,,,,,,,
,,,,,,,,,,,,,,,,,,,,,,,,,,,,,,,,换热管轴向应力,,,,,,,,,,,,,,,,,,,,,,,,,,,,,,,,,,,,,,,,,,,
,,,,,,,,,,,,,,,,,,,,,,,,,,,,,,,,HP型炉管材料,,,,,,,,,,,,,,,,,,,,,,,,,,,,,,,,,,,,,,,,,,,
