技术,参数-尺寸-角-环境-系数,温度,强度,能量,性能,度,率,量,值,换热器,压力容器,容器,反应器,蒸发器,发生器,搅拌器,过滤器,过热器,器,球罐,储罐,罐,塔,瓶,釜,床,筒,炉,管道,接头,设备,设计-制造-工艺,处理,评价-安全-强度,分析,有限元-模拟,理论-效应,封头,壳-层-壁,接管,法兰,螺,板,杆,管,轮,热,流-液,气-氢,酸,标准-规范-准则,法,场-方程-公式-模型,焊接,焊缝,焊,疲劳,腐蚀,断裂,爆炸-火灾,损伤-缺陷-失效,检测-检验,预测-试验-实验-测试,压力,应力-载荷,力-功,钢,铁,钛,金-金属-材料,结构,性,变形-成形,形,水
储氢技术,组合校正系数,终轧温度,强度胀,低温冲击吸收能量KV2,性能,自重变形圆度,屈服率,涡通量,数值模型,弓形折流板换热器,矩形截面压力容器,容器制造,氯化反应器,蒸发器,蒸汽发生器传热管,搅拌器,蒸汽过滤器,后屏过热器,氢气预热器,球罐整体热处理,105m3储罐,内罐,塔板,非重复充装钢瓶,卡箍式快开釜,吸收床,导流筒,CrMo钢炉管,管道系统,热熔接头,超大型设备,应力分析设计,整体热处理,核安全,回归分析,屈曲模拟计算,板壳理论,封头拼缝,外护层破坏,开孔接管补强,人孔法兰,螺旋流,管子管板焊缝,拉杆,翅片对流管,棘轮变形,传热与流动准则式,全流通内夹套,抗氢钢焊缝,有机酸,标准,激光扫描法,现场组对,翻边锥体焊接,曲线焊缝,焊材,疲劳裂纹扩展,含硫腐蚀性杂质,韧性断裂,爆炸窗口,失效机理,漏磁检测,应力测试,接触压力,应力监测,内压和轴向力,304奥氏体不锈钢,磁铁,钛合金,材料劣化,结构,弹性交互作用,挠曲变形,C形密封环,汽水循环
三项核心技术,塑性折减系数,转变温度,当量屈服强度,大线能量用钢,抗震性能,管板厚度,重复频率,对口错边量,数值模拟,纵流壳程换热器,复合材料缠绕压力容器,矩形截面容器,在役加氢反应器,乙二醇装置零效蒸发器,热管蒸汽发生器,转定子式搅拌器,高压飞灰过滤器,蒸汽过热器,催化再生器,丙烯球罐,石油储罐,丙烷卧罐,三聚氰胺废水分解塔,高压空气瓶,脱蜡釜,焦床,筒体开孔补强,火管锅炉,核辅助管道,钢制对接焊接接头,核电站主设备,模块化设计,焊后热处理,安全仪表系统SIS,自增强分析,模拟退火算法,理论研究,凹形封头,层板,接管纵向弯矩,长颈法兰,螺旋内肋扭曲管,CAXA电子图板,导波杆,弯管,热应力棘轮,加热槽,液化气体,硫化氢应力腐蚀损伤,酸洗,规范标准,依法治特,Mises公式,异种钢焊接,309L焊缝金属,焊环,腐蚀疲劳,晶间腐蚀,弹塑性断裂,火灾爆炸,疑似缺陷,非开挖检测,测试,动水压力,最大Mises应力,冲击功,奥氏体不锈钢,铸铁,TA2纯钛,镍基合金内环更换,裙座锻造结构,方向性,成形,V形密封槽,欧洲先进压水堆EPR
建造技术,磁硬度系数,非均匀温度场,高强度钢,能量,腐蚀性能,安全裕度,伸长率换算,参量,疲劳门槛值,网丝多孔式微型换热器,碟形封头压力容器,储氢容器,气相反应器,氯化钡蒸发器,蒸汽发生器,,,顶棚过热器,重沸器,大型液化气球罐,低温储罐单层,外罐,硝酸吸收塔,CNG气瓶,超高压人造水晶釜,,厚壁圆筒,气化炉,管道施工,法兰螺栓接头,核电设备用金属复合板,设计方法,最大模拟热处理,安全附件,信号分析,水力模拟试验,有效应力图法,带法兰封头,耐蚀层,烧嘴接管,法兰密封系统,螺旋槽机械密封,爆炸复合板,波导杆,金属波纹软管,涡流轮廓曲线法,过热蒸汽流,气固两相流,硫化氢腐蚀,碳酸盐,材料规范,加载方法,应变硬化模型,圆形焊接附件,纯铝焊缝,CRC全自动焊,蠕变—疲劳,Cl应力腐蚀裂纹,断裂力学,泄放阀火灾,缺陷的产生原因,超声波检测,冷模试验,压力控制,应力评定,回弹力,2020G钢,铁素体,钛,钒微合金化,紧凑结构,经济性,循环变形,形变诱导马氏体,连续注水
磁记忆技术,海洋环境,温度场分布,抗剪强度,能量释放,拉伸性能,粗糙度,升压速率,独立分量,有限元数值仿真,高压换热器,核级压力容器,绕带容器,超高压管式反应器,蒸发器传热管,蒸汽发生器制造,,,过热器,高压预冷器,10000m3球罐,立式储罐,LNG罐箱,悬挂式塔设备,高纯气体气瓶,搪瓷反应釜,,锅筒,锅炉密封,蒸汽管道,胀接接头,大型化工设备,焊接工艺,分析与处理,安全连锁,断裂分析,统计模拟,胶层效应,球冠形中间封头,壁厚测定,矩形接管,法兰螺纹,螺栓载荷,轧制复合钢板,小冲杆测试,管子,多轮次,双热丝钨极氩弧焊,液压胀接,空气侧压降,硝酸盐,通用型焊接评定标准,测试方法,三维断裂力学模型,异种金属焊接,异种钢焊缝,焊道排布,双轴疲劳,点腐蚀,应力断裂,爆炸危害,缺陷定位,TOFD自动超声检测,试验测试,事故压力,应力评估,力磁耦合,低温用钢,铸铁烘缸,钛材,A350锻造材料,复杂结构,贯穿性裂纹,预变形,伞形支架,水冷
自动化技术,参数化分析,温度范围,高温持久强度,线能量,阻力性能,极限浓度,传热效率,附加质量,权值差除法,纵流管壳式换热器,齿啮式快开压力容器,球形容器,煤业化反应器,油浆蒸发器,转化气蒸汽发生器,,,余热锅炉过热器,100t变位器,乙烯低温球罐,支架式球形储罐,蜡油加氢热高分罐,超重、超大直径薄壁塔设备,储氢瓶,反应釜,,锅筒纵缝,锅炉水,管道焊接,异质接头,国产CF62钢制设备,设计疲劳曲线,局部焊后热处理,安全等级划分,接触分析,有限元模型,多轴棘轮效应,下封头,U型壳,接管补强,锚固法兰,地脚螺栓,金属复合板,折流杆,腐蚀管理,棘轮极限,热影响区,单元流道模型,氢氟酸,高温硫环烷酸腐蚀,验收标准,田口方法,自增强模型,深孔焊接,铝焊缝,宽带极堆焊,应力疲劳,腐蚀损伤,延性断裂,爆炸胀接,初始缺陷,泄漏检测,重新评估试验,临界压力,垫片应力分布,力学响应,X70钢,非铁基材料,工业纯钛,材料选择,微观结构,脆性破坏,温成形,正方形排布,静水压
固定式压力容器安全技术监察规程,角焊缝,温度场,结构强度,大线能量焊接用钢,材料力学性能,接触宽度,功率谱,等效模量,ANSYS数值模拟,固定式换热器,压力容器标准,低温容器,高温反应器,薄膜蒸发器,核电蒸汽发生器,,,,汽水分离再热器MSR,天然气球罐,储罐底板,罐箱,塔设备,CNGⅡ气瓶,蒸压釜,,圆筒,还原炉,海底管道,T型接头,主设备,优化设计,模拟焊后热处理,安全,失效风险分析,有限元法,套合效应,标准椭圆封头,薄壁结构,多开孔接管,法兰结构,螺纹锁紧环,防波板,小冲杆,管口焊,棘轮,一维传热模型,气液两相流动,抗氢钢,连多硫酸,标准漏孔,SchwartzNeuman交替法,应力场,焊接电极,焊缝金属,等离子弧焊,高温疲劳,腐蚀裂纹,断裂韧性,火灾事故,损伤积累,检测方向,对比试验,标定爆破压力,一次应力,受力平衡,980钢,铁基材料,碳化钛,尿素级材料,新型支承结构,弹性安定性,失稳变形,断口形貌,回注水
TOFD检测技术,TTP参数法,温度分析,剪切强度,大焊接线能量用钢,性能分析,塔顶挠度的计算,失效概率,搭接量,峰值应力,钛制列管式换热器,铸铁压力容器,复合型多层真空绝热低温容器,加氢反应器,,中压乙炔发生器,,,,再生器,不锈钢球罐,储罐模型,LPG覆土罐,复合钢板塔,缠绕气瓶,超高压水晶釜,,套筒,Cr5Mo炉管,焊接管道,法兰接头,脱硫设备,堆焊工艺,二次热处理,安全泄放装置,有限元应力分析,三维有限元,焦耳汤姆逊效应,2∶1碟形封头,复合壳,正交接管,焊唇密封法兰,螺纹联接,焊接试板,小冲杆试验法,中心管,热棘轮,热挤压,液氨,高温气冷堆,托普索WSA制硫酸装置,标准化残差法,蒙特卡洛法,极限状态方程,焊接残余应力,环焊缝,半自动焊,疲劳试验,腐蚀与防护,韧脆转变断裂韧性,爆炸成形,面积型缺陷,超声检测,冲击试验,自增强压力,最大周向应力,内积功,SA516Gr70钢,球墨铸铁,钛材牌号,HP40合金,端部结构,完整性评估,变形协调,胀形,给水
技术应用,振型相关系数,多温度,高强度钢瓶,小冲杆能量,传热性能,Cl浓度,压缩率,定量研究,数值分析,加氢换热器,反应堆压力容器钢,液氢容器,聚合反应器,,AP1000蒸汽发生器,,,,并排塔器,真空球罐,大型立式储罐,沥青贮罐,焦炭塔的制造,CNG2复合气瓶,加压釜,,内衬筒,第一废热锅炉,水平管道,焊接接头,制氧设备,工艺装备,消应力处理,结构安全,疲劳分析,屈曲模拟,载荷历程效应,碟形封头,层次结构,出口接管,整体法兰,螺栓拉伸力,波纹板,波形折流杆,异径管,蠕变棘轮,绝热剪切线,羽流现象,气孔,连多硫酸腐蚀,工程标准,屈服应力法,高温本构模型,衬里焊接,单面对接焊缝,冷焊,疲劳评定,高温硫腐蚀,脆性断裂,火灾工况,失效预防,高效检测,危害预测,残余接触压力,环向膜应力,作用力,钢结构,防铁污染,,金相组织,界面结构,可靠性,冷冲压成形,形状允差,深水
技术装备,环境加速因子,Ms温度,静强度,能量值,密封性能,真密度测试,稀释率,特征参量,数值试验,微型换热器,压力容器清洁厂房,2类容器,反应器,,蒸汽发生器管嘴,,,,大型塔器,乙烯球罐,油气储罐,储油罐,CO2吸收塔,长管拖车气瓶,搅拌反应釜,,短圆筒,锅炉管道焊缝,管道失效,对接焊接接头,化工设备,修补工艺优化,热成型及热处理,安全措施补偿,损伤分析,有限元,动力学理论,椭圆形封头,椭球壳体,大直径接管,管箱法兰,螺旋缝埋弧焊管,不锈钢复合钢板,小冲杆试验,低翅片管,汽轮机,热输出,湍流激振,氢损伤,醋酸,国际标准,政策法规,简化模型,电子束焊接,焊缝缺陷,手工电弧焊,疲劳排除,氧化氯化腐蚀,延性韧窝断裂,化学爆炸,失效评定图,检验策略,耐压试验,压力,塑性载荷,复合力矩,钢锻件,δ铁素体,,微合金化,拉撑结构,高效性,控制变形,控制形变,水锤
检测技术,等效应力集中系数,瞬态温度,材料强度,能量法,综合性能,暗线黑度,慢应变速率,定量,最大许用应力值,三叶孔板换热器,气化关键设备压力容器,FRP复合材料容器,热壁加氢反应器,,,,,,冷凝器,高压球罐,球形储罐制造安装,子母罐,氨合成塔内件,人工缺口钢瓶,聚合釜,,吊篮筒体,加压气化炉炉体,西气东输二线管道工程,P91钢焊接接头,设备评级,处理工艺,等效线性化处理,接管和安全端,事故分析,传热模拟,灰色理论,封头,不锈钢堆焊层剥离,斜接管,螺栓法兰连接,连接螺栓,复合板焊接,,轴封水管线,棘轮行为,耐热钢CrMoCoV,交流阻抗,气压胀接,带压沸腾盐酸腐蚀试验,评定标准,几何算法,马尔可夫模型,爆炸焊接,焊缝,双丝埋弧焊,高温低周疲劳,应力腐蚀,沿晶断裂,爆炸轧制,缺陷返修,离线检测,爆破试验,压力降,周向应力,抗拔力,应变强化不锈钢S31608,铁素体FN,,金相,结构改进,周期性,冷成形,矩形大开孔,欧洲先进压水堆
特种设备安全技术规范,热源模型参数,稳态温度,法兰强度和刚度,冲击吸收能量,接头性能,熔区长度,慢应变拉伸速率,流量,峰值周期应力,螺纹锁紧环高压换热器,长管无缝压力容器,容器,氧化反应器,,,,,,高耸塔器,球罐,原油储罐,分离罐,吸收塔,长管拖车钢瓶,萃取釜,,发球筒,锅炉用钢,管道腐蚀防护,镍基焊接接头,海上石油天然气设备,按分析设计,缺陷处理,工业安全,成因分析,模拟PWHT,损伤累积理论,16MnDR封头,半圆柱壳,大口径插入式斜接管,烧嘴法兰,X60螺旋焊管,双相钢复合钢板,,软管组件,棘轮边界,热振荡,液压胀形,加气站,酸洗钝化,欧洲焊接标准,压痕应变法,现场焊接修理,焊接,焊缝开裂,扩散焊,疲劳比,腐蚀试验,等效断裂应变,火灾,损伤容限,定期检验,火烧试验,压力推力,真应力—应变曲线,拉脱力,25Cr2NiMo1V钢,针状铁素体,,铝合金,细长结构,紧密性,偏转变形,波形特征,冷却水
微试样试验技术,接管内圆角,脆性转变温度,强度分析,能量传递,材料性能,厚度计算,慢应变速率拉伸试验,定量RBI,K均值聚类,换热器圆筒,锅炉和压力容器,夹套容器,脱硫反应器,,,,,,再热器引入,混合式球罐,危险化学品储罐,罐式汽车,高耸塔,车用铝内胆碳纤维全缠绕氢气瓶,高压釜,,厚壁大直径筒节,Cr9Mo炉管,复杂管道,同质接头,核级设备,制造与检验,环缝局部电加热处理,本质安全,残余应力分析,地震模拟实验,双轴棘轮效应,封头整体冲压,无折边锥壳,轴向斜接管,衬环法兰,主螺栓,管子—管板焊缝,,热煨弯管,,热固耦合,胀合液压力,气体升压规律,亚硝酸盐,规范案例2843,垂直接触法,现场组焊,焊接顺序,焊缝成形,焊工,疲劳寿命,局部腐蚀,蠕变断裂,敞开式火灾,冲击损伤,检验周期,预测,胀接压力,载荷应力再分布,浮升力,含氮不锈钢,铁素体带,,哈氏合金C4,组合结构,弹塑性,蠕变变形,波形变化,冷凝水滴
技术方案,疲劳强度减弱系数,无塑性转变温度,强度裕度,大线能量焊接,性能退化,H浓度,降温速率,混合离散变量,数值研究,蓄热换热器,压力容器完整性,管式夹套容器,PX氧化反应器,,,,,,板式热交换器,大型球罐,大型储罐,充液罐车,氨合成塔,氧气瓶,,,内压圆筒,氨氧化炉,压力管道快速连接,钢板及焊接接头,核岛主设备,工艺评定,焊后固溶处理,安全管理,失稳分析,快速有限元算法,包辛格效应,瓜瓣封头,侧壁烧嘴,马鞍形接管,法兰,螺孔损伤,管子与管板连接,,90°弯管部件,,热循环,无模液压成形,变换气,连多硫酸应力腐蚀开裂,标准化,BellGhaly方法,HLP模型,焊接与检验,深厚焊缝,带极电渣堆焊,疲劳寿命预测,晶间应力腐蚀开裂,断裂评定,低速爆炸载荷,低温硫化物损伤,检测方案,差压试验,最大允许积聚压力,威布尔应力,地震力,Cr5Mo钢,铁镍基合金,,VN微合金化,主结构应变,数据分散性,变形控制,反拱形爆破片,人造海水
声发射技术,角变形,管壁温度,持久强度,能量分配,组织与性能,缺口高度,疲劳裂纹扩展速率,质量检测,侧膨胀值,板翅式换热器,复合材料压力容器,1类容器,合成反应器,,,,,,高压给水加热器,10000m3天然气球罐,液化天然气储罐,罐式集装箱,放空塔,环缠绕气瓶,,,单节筒体一次成型,高压气淬炉,悬空管道,异种钢焊接接头,超限设备,安装工艺,焊接与热处理,安全评估,减振分析,模拟试验,贝叶斯理论,椭圆封头,薄壁圆柱壳,接管段,螺栓法兰,螺栓预紧,复合管板,,爆管,,热疲劳开裂,流体流动,氢腐蚀,环烷酸,材料标准,修正θ法,工程估算公式,焊接缺陷评定,密缝焊缝,药芯焊丝电弧焊,疲劳循环,一次侧应力腐蚀开裂,断裂控制,爆炸地震波,咬边缺陷,周向超声检测,氦泄漏试验,压力范围,应力应变评定,裂纹扩展阻力曲线,双相不锈钢,网状铁素体,,金相观察,密封结构,稳定性,冲压成形,圈形波,超水压
预警技术,参数化模型,成形温度,强度校核,冲击吸收能量KV2,焊接接头力学性能,圆度,概率断裂力学,流量不均幅值,数值计算,微通道换热器,核反应堆压力容器,氢气无缝容器,反应器管,,,,,,爆破片夹持器,乙烷球罐,大型拱顶网壳储罐,卧式搅拌罐,异构化原料分离塔,车用瓶阀,,,圆筒模型,制氢转化炉管,核级管道,管子管板接头,设备支撑,工艺试验,热处理规范,安全性分析,反对称载荷分析削弱圆板,有限元模拟,薄壳理论解,凸形封头,聚液壳,开口接管,法兰密封,螺旋管,三叶孔板,,管土作用,,热喷涂,液化天然气,硫化氢应力腐蚀,硫酸浓缩,API标准,钻孔法,Beremin模型,焊接构件,225Cr1Mo025V焊缝,胀焊结合,疲劳损伤,防腐蚀对策,断裂模式,爆炸,微观损伤,磁记忆检测,实验,爆破压力,平均应力松弛,支座反力,FeCrNi奥氏体不锈钢,,,25Cr35NiNb微合金,二维结构,轴向稳定性,变形,矩形微通道,水室
规则化数据还原技术,临界裂纹尺寸,温度变化速率,外压强度,夏比冲击吸收能量,性能试验,弹簧刚度,应变速率,蒸发流量,模糊c均值,新乏蒸汽换热器,压力容器用钢管,绕丝容器,甲醇合成反应器,,,,,,橡胶阻尼器,球罐检验,球形储罐,罐口,常压塔,非重复充装焊接钢瓶,,,筒形件,急冷锅炉,工业管道,电熔接头,核电设备,药芯焊丝电弧焊工艺,局部热处理,核电安全端,疲劳试验和分析,有限元方法,时滞效应,平盖封头,薄壁,接管,组合法兰,水平螺旋管,C27616MnR复合板,,加强型波纹管,,对流换热,运动流体,储气井,,R6规范,试验方法,约束方程,异种合金焊接,异种金属焊缝,内孔对接焊,疲劳校核,晶间腐蚀开裂,,爆炸复合,损伤Jd积分,检验及修复,优化试验,压力平衡装置,应力集中,动力响应,超级不锈钢,,,NiCr合金,翻边结构,水密性,温压成形,O形密封环,801胶水
数值模拟技术,尺寸效应,热处理温度,结合强度,,低温冲击性能,密度差,概率分析,合金元素含量,数值解,紧凑式换热器,反应堆压力容器,多层容器,大型反应器,,,,,,旋风分离器,LNG双球球罐,石油储罐底板,LNG低温液体运输罐车,塔顶馏出线,焊接绝热气瓶,,,压制锅筒,锅炉,复合材料管道,管接头,尿素高压设备,泄放设计标准,稳定化热处理,评价,弹塑性应力分析方法,热模拟,闭合效应,锻制平封头,堆焊层裂纹,周向斜接管,非标准法兰,螺旋焊缝,钛铝复合板,,外压波纹管,,热冲击,N甲基二乙醇胺溶液,气泡,,法规标准,循环计数方法,推定模型,在线焊接,小Ω焊缝,手工钨极氩弧焊,蠕变疲劳交互作用,缝隙腐蚀,,,失效后果,检测,寿命预测,密封接触压力,应力分布,偏心力臂,BHW35钢,,,哈氏C2000合金,进出口结构,弹塑性界面,,界面形状,压水堆核电站
创新技术,大角焊缝,温度,蠕变强度,,局部力学性能,临界长度,比率塑性功,排量,极值窗口,绕管式换热器,反应堆压力容器RPV,高温高压容器用钢,预加氢反应器,,,,,,翅片油冷却器,15MnVNR钢制球罐,立式圆筒型储罐,石油罐区,脱硫塔,大容积钢质内胆环向缠绕气瓶,,,筒节,制氢转化炉,主蒸汽管道,X70管线钢环焊接头,压力设备,成形工艺评定,处理方法,安全高效运行,内压屈曲分析,有限元计算,精细化统一理论,厚壁大直径球形封头,堆焊层,,连接法兰,抗剪螺栓,904L不锈复合板,,虚拟光管,,热电厂空冷系统,单相流,硫化氢应力腐蚀开裂,,标准体系,正装法,Manson―Coffin方程,在役焊接,对接焊缝,埋弧焊,疲劳,腐蚀类型,,,材料损伤,风险检验,插销试验,整定压力,应力状态,低温冲击功,125Cr05Mo钢,,,宏观金相,支撑结构,应变线性化,,椭圆形丁胞,快速水冷却
修复技术,鼓胀系数,温度载荷,强度评定,,组织性能,高度分辨率,延伸率,定量超声检测,极值分布,发夹式换热器,压力容器用钢,承压容器,氧氯化反应器,,,,,,C型管束热交换器,氧气球罐,储罐,浮顶油罐,焦炭塔,气瓶水压内测法,,,薄壁内压短圆筒,9CrMo炉管,管道速接头,钎焊接头,临氢设备,设计优化,成形后热处理,安全泄压装置,流体动力学分析,模拟Ding试验,可拓理论,锆封头,负壳,,大直径法兰,螺栓连接装配资质,复合钢板,,冷管,,长期过热,气液两相流,气体泄漏,,ASME规范案例26051,三维虚拟裂纹闭合法,失效模型,消除焊接残余应力,多道焊缝金属,内孔焊,变幅疲劳,应力腐蚀裂纹,,,失效模式,激光检测,水压试验,屈曲失稳临界压力,高残余应力,阻力特性,铁素体钢,,,镍及镍合金,补强结构,严密性试压,,正拱形爆破片,压水堆
探头技术,尺寸精度,参考温度,条件屈服强度,,组织和性能,应力三轴度,概率非概率混合模型,损伤变量D2,月平均风速极大值,绕管换热器,压力容器分析设计,深冷容器,CVD反应器,,,,,,乙酸加热器,,低温储罐,罐体,塔裙连接型式,低温气瓶,,,筒体锻件,减粘炉,压力管道标准体系,换热管与管板接头,设备法兰,日常制造检验,集气处理站,核安全分级,层次分析,有限元仿真,网格理论,封头成形,双壳程,,浮头法兰,螺孔,SA738GrB钢板,,直管夹具,,传热单元,高压水射流喷丸,气缸,,标准修订,布置方法,计算公式,焊接应力,,无钎剂钎焊,疲劳蠕变,冲刷腐蚀,,,缺陷评定,基于风险的检测RBI,风洞试验,极限压力,名义应力范围,预紧力,双相钢,,,相变材料,限位支撑结构,塑性弯矩,,波形膨胀节,水浸超声
有限元技术,分布规律与参数,稳态温度场分布,连接强度,,性能验证,图纸名义厚度,率相关,轻量化,门槛值,套管换热器,塔式压力容器,爆炸容器,,,,,,,摩擦阻尼器,,LNG储罐,液化天然气LNG罐箱,高耸空塔,高压气瓶钢,,,薄壁筒,德士古气化炉,氨制冷压力管道,奥氏体不锈钢焊接接头,搪玻璃设备,机械制造业,热处理,安全阀,扫描电镜断口分析,扩展有限元法,变形理论,平板封头,层间隔震,,法兰连接,特殊螺纹,全焊透结构管板焊缝,,不锈钢换热管,,环状蓄热体,湍流激励,烟气,,ISO标准,球压痕法,模型,水平支承焊接,,焊材储存,疲劳破坏,应力腐蚀开裂敏感性,,,椭圆形凹坑损伤,导波检测,水压爆破试验,泄放压力,应力控制,侧向力作用,SAF2507双相不锈钢,,,难熔金属,大开孔结构,均匀性,,J形坡口,水泥环
合成孔径聚焦技术,LarsonMiller参数法,温度限制,强度胀接,,焊接性能,投料厚度,开盖率,折算质量法,熵权值,端焊式套管换热器,反应堆压力容器支座,矩形常压容器,,,,,,,汽水混合加热器,,液氨储罐,LPG铁路罐车,汽提塔,钢瓶,,,烘筒,乙烯裂解炉HP40炉管,一级管道,螺栓法兰接头,新型双锥回转设备,管束制造,最终热处理后,安全评价,机理分析,接触有限元,棘轮效应,S型封头,镗孔壁厚,,底部法兰,螺栓螺纹,搭接板,,Inconel690合金管子,,一维非稳态导热反演,流弹失稳,天然气,,标准规范,一次结构法,解耦模型,回火焊道焊接,,真空钎焊,蠕变疲劳交互,电化学腐蚀,,,缺陷,快速检测,检查与试验,压力边界,重力载荷,受力,1Cr5Mo钢,,,特种材料,组织结构,多线性随动强化,,马鞍形,压水反应堆
制造技术,Zig Zag角度,温度分布,应力强度评定,,连接性能,刚度叠加法,慢应变速率拉伸,法兰轻量化,临界值,连续螺旋折流板换热器,厚壁复合板压力容器,卧式容器,,,,,,,铝质冷却器,,双层C型LNG储罐,罐底,减压塔,低温绝热气瓶,,,筒体端部,乙烷裂解炉,管道流动,胀焊接头,加氢设备,双人双面焊工艺,焊接及热处理,接管安全端,屈曲分析,有限元建模,热弹塑性效应,锥形封头组件,单层高速电渣焊,,快开门法兰,螺纹损伤,中厚不锈钢钢复合板,,矩形波纹管,,热力耦合,雨流计数法,大气暴露,,RCCM规范,生死单元法,中径公式,应用与焊接,,起裂焊道,蠕变疲劳,空泡腐蚀,,,失效原因,数字射线检测,Gleeble试验,临界失稳压力,应力松弛,静摩擦力,低碳钢,,,金属与金属接触,特殊结构,超弹性,,地震波波形,氨水槽
冷装技术,阻力系数,单温度,强度性能,,冲击性能,椭圆度,存活率,当量实心板,临界值范围,波纹管换热器,简单压力容器,塔式容器,,,,,,,汽水分离再热器,,储罐底板腐蚀,油气罐区,碱洗塔,车用高压燃料气瓶,,,外压圆筒,25Cr35NiNb微合金乙烯裂解炉管,油气管道,伸缩接头,特种设备,工艺设计,调质热处理QT,合于使用评价,试样分析,PIPESTRESS有限元软件,线弹性理论,球冠形端封头,壁厚比,,,螺栓预紧载荷,平板试件,,横掠管束,,热膨胀,轴向流动,氢脆型应力腐蚀裂纹,,焊接标准,金属磁记忆法,GursonTvergaard模型,焊接措施,,等离子焊,疲劳断裂,腐蚀控制规程,,,垫片失效,试验和检验,楔形张开加载试验,压力确定,非均匀性静载荷,JR阻力曲线,SA543钢,,,Haynes 230镍基超合金,显微结构,符合性评定,,碟形弹簧,水试压
MPC技术,形状系数Y,混凝土温度,强度破坏,,金相及力学性能,异径度,泄漏率,定量风险分析,K值,多套管换热器,压力容器检验,整体多层夹紧式高压容器,,,,,,,倒置立式高压加热器,,常压储罐,汽车罐车,急冷塔,气瓶阀,,,厚壁筒,中压管壳式余热锅炉,管道法兰,油套管接头,承压设备常用材料,设计制造,冷拉处理,安全重要物项,振动分析,模拟退火方法,弹性理论,平管板封头,薄壁换热管,,,主螺栓螺纹副,管板上下表面温差,,出水管,,动态热边界,NS4溶液,采气厂,,有色金属材料标准,轧制法,公式,焊接变形,,自动TIG焊,疲劳寿命评估,低温腐蚀,,,损伤张开位移δd′,声发射检测,型式试验,失稳压力,残余应力应变,成功实例,XG630DR钢,,,爆破片与易熔合金塞串联组合装置,局部结构,柔性探头,,方形人孔,
自动超声检测技术,缺陷尺寸,适用温度,强度不匹配因子,,抗风性能,厚度减薄,自振频率,量化,抛物线插值,列管式换热器,压力管道和压力容器,对称矩形截面容器,,,,,,,器壁,,,罐壁设计,氨中和塔,LNG车用气瓶颈管,,,筒体鼓凸,废热锅炉,埋地管道缺陷,绝缘接头,炼油设备,安全设计,消氢处理,安全端,敏感性分析,焊接模拟试验,弹性薄壳理论,成形封头,壳程压降,,,螺带,厚钢板,,超大型波纹管,,热结构耦合,流致振动,气密封实验,,欧盟标准,无单元Galerkin法,BTC模型,焊接试验研究,,钎焊,疲劳监测系统,氧化腐蚀,,,超标缺陷,检测时间,拉伸试验,允许压力损失,应力,惯性力,ADB610钢,,,复合材料修复,结构优化,垫片非线性,,C形环,
室温应变强化技术,角接头,韧脆转变温度,总应力强度,,改善性能,法律制度,失效率,焊接质量,,印刷电路板式换热器,压力容器,绕丝式超高压容器,,,,,,,锅炉再热器,,,单容罐,尿素合成塔,气瓶泄露,,,筒体,锅炉联络管,超高压蒸汽管道,环焊接头,高耸设备,工艺仿真,调质处理,钢安全壳封头,ANSYS有限元分析软件,模拟,,厚壁球缺封头,圆柱壳,,,螺旋扭片,盲板头盖,,管头,,加热带,流体诱导振动,西气东输二线工程,,应变失效准则,最大最小循环计数法,破裂压力模型,振动焊接,,装焊,疲劳极限,沿晶型应力腐蚀,,,损伤机理,TOFD检测,试验压力,公称压力,应力比,冲击功KV2,304H不锈钢,,,哈氏合金B3,快开结构,弹性基础,,形变马氏体,
技术特性,超声非线性系数,保温温度,强度匹配,,热工性能,同轴度,地震功率谱,含湿量,,非对称换热器,球形压力容器,高压储氢容器,,,,,,,传感器,,,罐盖,二氧化碳汽提塔,气瓶爆炸,,,薄壁圆筒,炉内法,埋地管道,内管接头,化工设备设计,冲压工艺,处理,安全停堆地震,流场分析,有限元方法FEM,,封头内衬,多层包扎,,,异种材料螺纹联接件,钢板中心线,,穿管,,对流传热,汽液两相流,高温烟气,,新标准,图算法,RBTC模型,焊接数据库,,316L堆焊,多轴疲劳,应力腐蚀破裂,,,渐进失效,风险检测,WOL试验,初始压力,膜致应力,缠绕张力,异种钢,,,铝合金贮箱,子结构,塑性屈服,,形状重构,
复合复层技术,组合泄放系数,瞬态温度场,强度计算,,性能检验,尺度效应,排放率,铁素体量控制,,预应力换热器,快开门式压力容器,搅拌容器,,,,,,,稳压器排放管,,,硫化罐,焦炭塔裙座,天然气储气瓶,,,汽包筒体,高炉煤气管系,燃气PE管道,套管接头,铬钼钢设备,国产化制造,SR处理,综合评价法,振动疲劳分析,模拟件,,非标封头冲压,厚壁锥体,,,均匀螺栓载荷,平板,,管座母材,,过热,液固耦合,熔化极气体保护焊,,国家标准,锤击法,NK模型,全焊接,,银钎焊,疲劳裂纹,碱应力腐蚀开裂,,,高温失效,超声长距离导波检测,剩余寿命预测,自紧压力,二次应力,动力学响应,07MnCrMoVDR钢,,,25Cr35NiNb合金,支座结构,碱性破裂,,形势,
安全技术规范,焊缝系数,温度应力,蠕变持久强度,,低温性能,轴向非线性刚度,频率分离,排量测试,,美国换热器协会,圆柱壳压力容器,带夹套容器,,,,,,,蒸汽加热器,,,LNG燃料罐,塔盘,液化石油气钢瓶,,,压力筒,注汽锅炉,天然气管道,,大型特材设备,制造特点,不停车处理,评价指标,失效分析,非线性有限元,,封头直边,壁面剪切应力,,,主螺孔,16MnRHIC板,,双联管,,传热,临界流速,可燃气体,,焊接规范,建模方法,试验模型,等离子弧焊接,,堆焊,疲劳断口,晶间腐蚀敏感性,,,早期损伤,无损检验,落锤撕裂试验DWTT,最大泄放压力,应力分类,介质惯性力,15钢,,,金属磁记忆,支柱结构,非线性弹性,,齿形垫片,
热喷涂技术,参数化绘图,最低设计金属温度,屈服强度,,疲劳性能,硬度试验,概率,当量应变范围,,加氢高压换热器,压力容器和封头加热,非标准容器法兰,,,,,,,低变再沸器,,,大型储液罐,高塔,气瓶水压外测法,,,井筒内低品位余热,简易热处理炉,X80管道钢,,机械设备,焊后热处理工艺验证,防腐处理,屈曲安全评价,传热分析,,,顶封头,单层堆焊,,,螺栓,厚板铝合金,,取样管,,热轧,不可压缩流体,应力导向氢致开裂,,英国标准,本构曲线法,RambergOsgood模型,焊接坡口,,自动焊,高周疲劳,腐蚀缺陷,,,裂纹缺陷,黑色磁粉检测,试验压差,开启压力,应力仿真,F2分力,ASTM 4130钢,,,蒙乃尔合金,快开门结构,表面改性,,U形,
内腐蚀检测技术,弯曲参数的选取,韧脆转变温度曲线,特种高强度钢,,高温性能,断裂韧度,结合率,误差缓冲量,,浮头式换热器,搪玻璃压力容器,大型容器,,,,,,,面式减温器,,,水泥罐箱,冷却塔,CNG钢瓶,,,三旋中心筒,列管式废热锅炉,横向共振管道,,钛设备,轻型化设计,预防处理,安全使用,时限老化分析,,,平盖加筋封头,防腐层,,,螺旋埋弧焊管,组合管板,,高钢级管线钢,,耐热钢,液体晃动,高含H2S天然气,,规范案例N284,组装方法,现场组装,焊接垫片,,药芯焊丝,应变疲劳,腐蚀凹坑,,,表面损伤,材料检验,试验验证,动作压力,动应力,系统动力学SD,CrNiMoV钢,,,C276合金,填料函密封结构,总体塑性变形,,拉伸形变,
再制造技术,轴向弯曲应力系数,液氮温度,强度极限,,使用性能,直线度,拔出率,质量控制,,可拆式螺旋板换热器,钛制压力容器,移动容器,,,,,,,钢丝绳隔振器,,,LNG全容罐,甲醇吸收塔,储气瓶组,,,,裂解炉管,快速卸压管道,,承压设备指令,正交设计,敏化处理,评价方法,相关性分析,,,双平板封头,壁板,,,铬钼钢螺旋盘管,薄板,,管束共振,,汽化潜热,42氯化镁溶液,气蚀,,标准对比,图解法原理,电化学模型,焊接规程,,自保护药芯焊丝电弧焊,疲劳失效,H2S腐蚀,,,鼓包缺陷,监督检验,步冷试验,,应力指数,弹性塑性力学,2 25Cr1Mo0 25V钢,,,35Cr45NiNb微合金,高温保护结构,冲击韧性,,微观形貌,
控制与防治技术,稳定安全系数,,裂尖应力强度σ1′,,性能指标,动态可靠度,位移速率,均布分量,,鳍片换热器,压力容器用封头,低温绝热容器,,,,,,,光纤光栅传感器,,,深海高压试验罐,再生塔,纤维缠绕高压氢气瓶,,,,裂解炉炉管,P92钢蒸汽管道,,JB4730《承压设备无损检测》标准,疲劳设计,泄漏处理,安全预警,结构分析,,,大直径高压球封头,厚壁管件,,,螺纹翅片管,厚板N08810合金,,金属波纹管,,余热回收,涡流场,干气密封,,标准简介,堆焊方法,应力公式,焊接返修,,多道焊,疲劳短裂纹,应力腐蚀开裂SCC,,,塑性损伤,常规检验,持久试验,,许用压缩应力,水平力,12Cr2MoVWTiB钢,,,镍合金,自支撑结构,自限性,,U形膨胀节,
强制性法规上的技术标准,全尺寸爆破试验,,剩余强度,,性能降解,重要度,扩展速率,定量分析,,深槽结构微型换热器,核压力容器,立式圆筒型储液容器,,,,,,,脱气冷凝器,,,不开罐,甲醇合成塔,车载LNG气瓶,,,,变换炉,氢气长输管道,,AP1000主设备,制造,固熔处理,钢制安全壳,谐响应分析,,,球形封头,双层波纹管,,,D形螺栓,平板普通型爆破片,,单根换热管,,双椭球热源模型,液化气,西气东输二线,,准则方程,EN 13445直接法,计算模型,双相钢焊接,,焊带位置,,腐蚀图谱,,,界面熔化缺陷,延期检验,试验谱,,残余应力,塑性力学,Q345R钢,,,双金属自密封波齿复合垫片,结构约束,寿命可靠性,,O形环,
技术指标,全尺寸气体爆破试验,,高强度气瓶,,压缩回弹性能,振实密度,频率,排量评估,,取样换热器,压力容器管理,薄壁内压球形容器,,,,,,,热交换器,,,平推式门盖硫化罐,吸附塔,氢气气瓶,,,,炉管爆破,管道泄漏,,高温高压临氢设备,直接设计,数据处理,安全状况等级,泄压分析,,,SA387Cr11CL2钢拼焊封头,急冷室锥壳,,,螺栓紧固方法,滑动管板,,换热管束,,局部换热特性,低温液体运输装备,湿烟气制酸,,ASME标准,垂直入射法,数学模型,焊接缺陷,,焊道集中,,应力腐蚀试验,,,初始几何缺陷,动态检测,胀接试验,,综合应力,力学特性,316L钢,,,2219铝合金,开孔结构,紧凑性,,,
新材料技术评审,超大尺寸的组合管板,,强度失效,,蠕变性能,刚度条件,裂纹扩展速率,膨胀量,,蓄热式换热器,压力容器制造,薄壁容器,,,,,,,蒸汽灭菌器,,,超大型储油罐,底部框架塔,全复合材料气瓶,,,,延迟焦化加热炉,主管道,,设备闸门,设计体制,退火处理,安全区间,风险模糊分析,,,标准椭圆形封头,外压壳体,,,螺旋折流板,中空肋板构件,,690合金管,,热力耦合仿真,流道,气动声学,,TEMA标准,直接法,kε模型,自动化焊接,,补焊,,刀口腐蚀,,,失效,不停机全面检验,实验研究,,应力计算,弹性动力学,15CrMo钢,,,异种金属,高温高压密封结构,耐蚀性,,,
技术创新,磁性参数,,高强度,,组织及性能,变厚度过渡段连接,容积残余变形率,排水量,,开放式结构换热器,塑料及其衬里制压力容器,抗爆容器,,,,,,,夹套式塔器,,,低温液体罐车外壳,精馏塔,复合气瓶,,,,鲁奇式气化炉,长输管道,,核设备,设计问题,预强化处理,基本安全要求,缺陷分析,,,,夹层,,,钢丝螺套,普通管板,,管孔对中,,电加热元件,煤液化装置,气压试验,,专用型焊接评定标准,平均应力修正法,力学模型,堆焊焊接,,CHW62QR实芯焊丝,,腐蚀及裂纹,,,平面型缺陷,在线声发射检测,蠕变试验,,应力—应变曲线,,25Cr2MoVA钢,,,易熔合金塞,结构完整性,塑性自增强,,,
风险分析技术,Z参数,,B610E高强度钢,,力学性能,热流密度,固有频率,非线性分量,,换热器封头,低温压力容器,核反应承压容器,,,,,,,机器人,,,硫化罐卡箍,一塔两用,气瓶,,,,AL6XN炉管,工业金属管道工程施工规范,,移动式承压类特种设备,机械设计,控制和处理措施,安全壳闸门,分析比较,,,,断层解剖,,,螺柱,不锈钢复合板,,烟机暖管,,蜂窝蓄热体,超临界流体,脉冲气保焊,,RCCMRx标准,最大最小计数法,现场修复,电熔焊接,,电子束焊,,腐蚀失效,,,损伤,理化检验,落锤试验,,轴向应力,,225Cr1Mo025V钢,,,金属垫片,高温结构完整性,共振特性,,,
超声波缺陷检测技术,疲劳缺口系数,,应力强度因子,,传热综合性能,保守度,横向分辨率,回弹量,,立式夹套换热器,制冷压力容器,容器开孔补强结构,,,,,,,ATD再热器,,,油罐,反应塔,车用高压氢气瓶,,,,电炉,输油管道,,换热设备,线路设计,固溶处理,人的不安全行为,法规条款分析,,,,壳程强化传热,,,螺纹磨损,管子内缩管板,,压力管线,,热工水力,液态金属致脆,225Cr10Mo抗氢钢,,规范体系,遗传算法,轴对称模型,焊接材料,,焊条电弧焊,,应力腐蚀开裂,,,缺陷等级,内检测,超声波测试,,主应力,,12Cr2Mo1R钢,,,C276哈氏合金,结构特性,线弹性,,,
试样重组技术,导热系数,,压力容器强度计算,,低温性能指标,分析精度,应变率效应,质量评价,,紧凑型板壳式换热器,移动式压力容器,高真空多层绝热低温容器,,,,,,,池式冷凝器,,,大型油罐,,高压气瓶,,,,700℃超超临界锅炉,管道风险评分法,,镍制设备,规范设计方法,,灰色综合评价模型,真时程分析,,,,厚壁,,,螺纹,管板,,胀管,,热成型,雨流法,药芯焊丝CO2气体保护焊,,法规及标准,局部法,修正公式,带压焊接密封,,焊条,,腐蚀防护,,,体积型缺陷,检验程序,随机寿命预测,,作用应力,,新CrMo钢,,,铜及铜合金,结构可靠性,非线性密封垫片,,,
技术进展,螺纹升角,,湍流强度,,抗冲击性能,风险可接受度,腐蚀速率,标准孔板流量计,,气气换热器,压力容器用钢板,大型厚壁容器,,,,,,,引流器,,,储液罐,,压缩天然气车用燃料气瓶,,,,加热炉,保温管道,,协调标准承压设备,预后热工艺,,安全监督,金相分析,,,,近断层,,,主螺栓孔,薄管板,,油管,,大热输入焊接,H2S水溶液,煤制天然气,,ASME规范,响应面法,公式拟合,焊接三通,,未焊透,,腐蚀坑,,,结构失效,检验案例,加速寿命试验,,应力应变关系,,022Cr17Ni12Mo2钢,,,承压用材料,,O形密封环弹塑性接触,,,
技术要求,曲率修正系数,,疲劳强度,,,摆动速度,检出率,批量验收试验,,管壳式换热器,低温绝热压力容器,外压容器,,,,,,,三通封堵器开槽法兰,,,树脂反应罐,,车用高压天然气气瓶,,,,电站锅炉,热力管道,,设备泄漏,结构设计,,安全联锁系统,化学分析取样方法,,,,覆层,,,螺栓应力分布,大孔分布板,,失效换热管,,强化换热,液压胀,煤气化,,试验标准,压力面积法,本构模型,焊接性,,横焊,,高温腐蚀,,,失效评定曲线,断口检验,试验研究,,接触应力,,Cr25Ni35Nb钢,,,材料,,稳定性校核,,,
焊接技术,相关系数,,抗拉强度,,,超压限度,冷却速率,质量,,POP换热器,重型压力容器,非标准矩形截面容器,,,,,,,低温分离器,,,,,CNGⅡ复合气瓶,,,,乙烯裂解炉管,架空管道,,立式设备,工艺改进,,安全评定,高温分析,,,,无折边直斜锥壳,,,安装螺栓载荷,08Ni3DR钢板,,液压胀管,,热源,单元流道,添加氢气,,规范,有限单元法,MonteCarlo模型,窄间隙焊接,,焊制三通,,腐蚀,,,失效寿命,全面检验,试验,,许用应力,,低合金钢,,,金属材料,,局限性,,,
聚焦技术,无量纲参数,,强度试验,,,动态裂纹扩展速度,胀管率,质量控制过程中,,折流杆换热器,压力容器封头,厚壁容器,,,,,,,C22哈氏合金盘管式酰胺加热器,,,,,无隔热气瓶,,,,炉管,管道弯矩,,真空绝热深冷设备,设计爆破压力,,风险评价,动态失效分析,,,,多层材料,,,紧固螺栓,底板,,波动管,,预热,流场,燃气站场,,EJMA标准,超声衍射时差法,演化模型,焊接修复,,MAG全位置自动焊,,腐蚀泄漏,,,背侧缺陷,周向检测,残余应力测试,,局部应力,,12MnNiVR钢,,,金属波齿垫,,非线性屈曲,,,
检验技术,参数分析,,强度试压,,,裂纹高度,故障率,线性分量,,脱丁烷塔进料换热器,压力容器使用单位,深海外压容器,,,,,,,卧式分子筛吸附器,,,,,无缝气瓶,,,,重沸炉,压力管道直管段,,承压设备,外压设计,,安全保障,热及结构分析,,,,绝热材料层数,,,,厚板,,90°弯管,,瞬态传热,液化石油气,氩气保护,,法规与标准体系,有效方法,VOF模型,粗晶区焊接韧性,,窄间隙埋弧焊,,垢下腐蚀,,,开裂缺陷,新型检测装置,正交试验,,垫片应力,,TP347不锈钢,,,NiFe基合金,,敏感性,,,
施工技术,公称尺寸,,胀接强度,,,搪玻璃层厚度,蠕变裂纹扩展速率,高通量管,,双管板换热器,,超高压容器,,,,,,,油冷器,,,,,CNG2型气瓶,,,,常压炉,主给水管道,,,设计与制作,,安全装置,弱点分析,,,,外防腐层,,,,管管板,,U形管,,局部热应力,涡流,药芯焊丝熔化极气体保护焊,,焊接标准体系,动力松弛法,现场返修,同种金属焊接,,钨极氩弧焊,,腐蚀调查,,,失效评定,相控阵超声检测,拉脱力试验,,应力应变,,X7Ni9钢,,,异种材料,,非线性垫片,,,
装焊技术,棱角度,,管道强度,,,筒体圆度,设备失效概率,激光测量,,苯乙烯装置换热器,,大直径常压容器,,,,,,,变压吸附器,,,,,,,,,锅炉炉管,腐蚀管道,,,加强设计,,模糊综合评价,通用响应分析,,,,氢致分层,,,,225Cr1Mo025V钢板,,圆弧切线波纹管,,非对称传热,两相流诱发的振动,地下储气井,,损伤准则,超声波衍射时差法TOFD,内聚力模型,焊接裂纹,,堆焊修复,,腐蚀检查,,,疏松缺陷,射线透照检测,压力试验,,温差应力,,S32168不锈钢,,,铜合金,,安定性,,,
超声聚焦技术,垫片系数,,持久强度极限,,,未胀合长度,慢应变速率试验,无损测量,,缠绕管式换热器,,容器类别,,,,,,,SOFO传感器,,,,,,,,,乙烯裂解炉,核一级辅助管道,,,常规设计,,蒙德评价法,原因分析,,,,厚壁金属波纹管,,,,S11306Q345R复合钢板,,过热管,,热机械载荷,液体冲击,气电立焊,,裂纹合并准则,石灰石石膏法脱硫装置,钝化线方程,焊接斜三通,,Inconel 625堆焊,,晶间腐蚀试验,,,裂纹等缺陷,检验,试验工况,,消应力,,低温钢,,,空心金属O形圈,,塑性安定性,,,
标准技术,剩余强度系数,,磁感应强度,,,柔度法,加载速率,测量,,电厂换热器标准,,高压容器,,,,,,,汽化器,,,,,,,,,HP型炉管材料,输气管道,,,制造方法,,安全分析,分析模型,,,,涂层,,,,不锈钢钢板及钢带,,集流管,,热应力场,涡流检测,气孔缺陷,,应变准则,方法改进,经验公式,焊接填充材料,,间断焊,,耐腐蚀材料,,,密封失效,综合检测,验证性实验,,屈服应力,,20G钢,,,碳纤维复合材料,,挠性夹套,,,
技术条件,环境激励,,强度,,,结构刚度,周长应变速率,补偿量,,高温热管换热器,,移动式容器,,,,,,,循环气冷却器,,,,,,,,,,海底输气管道,,,热处理工艺,,结构完整性评价,比例分析,,,,球壳板成型,,,,环形折流板,,浮动盘管,,热丝TIG,流速,氢气,,风险可接受准则,修复方法,关联公式,斜Y形坡口焊接裂纹试验,,镍基合金堆焊,,耐腐蚀性,,,失稳失效,Lamb波检测,韧性试验,,塑性极限载荷,,T23钢,,,材料复验,,完整性,,,
载荷图技术,紧密性参数,,应力强度,,,加工精度,初始充满率,过程质量控制,,大型管壳式换热器,,高压立式液氢容器,,,,,,,低压组合床重整再生器,,,,,,,,,,管道检验,,,设计结构,,安全完整性等级SIL,辐射分析,,,,圆柱壳体,,,,国产225Cr1Mo03V钢板,,S型波纹管,,大热输入,新型阻流片,城镇燃气,,5最大主应变准则,直接方法,场协同,焊接冷裂纹,,全位置自动焊,,,,,局部减薄缺陷,无损检测,,,真实应力—应变曲线,,15CrMoRH钢,,,冷金属过渡,,塑性变形,,,
RBI技术,升力系数,,应力强度准则,,,断裂扩展速度,阳极溶解速率,安全泄放量,,螺旋板式换热器,,,,,,,,,稳压器,,,,,,,,,,供热管道,,,原材料消耗工艺定额,,完整性评价,极限分析,,,,多孔涂层管,,,,全复合板,,冷凝管,,热机械疲劳,紊流抖动,高温烟气法,,屈服准则,扭矩控制法,子模型,焊接性试验,,爆炸焊,,,,,失效形式,自动超声检测,,,局部应力计算,,WEL—TEN610CF高强钢,,,材料常数,,裂纹性质与成因,,,
单元生死技术,燃料系数,,强度测试,,,概率密度函数,曲率,定量评定,,铝制板翅式换热器,,,,,,,,,浮头式折流杆冷凝器,,,,,,,,,,压力管道,,,焊接制造,,安全完整性,风险分析,,,,薄壁管与管板焊,,,,管板焊接,,金属波纹管膨胀节,,流固耦合传热,计算流体力学,贮氢压力系统,,COD准则,TOFD方法,自回归整合移动平均模型,,,振动焊,,,,,缺陷数据识别,基于风险的检测,,,应力—应变,,15CrMoR钢,,,泡沫金属,,变形特性,,,
互联网信息技术,螺旋角,,壳体强度,,,相对硬度,日蒸发率,工艺留量,,自支承式换热器,,,,,,,,,仪器化夏比冲击,,,,,,,,,,X80钢管道,,,结构优化设计,,安全性评价,反应谱分析,,,,防腐涂层,,,,曲面折流板,,管座,,整体热压,流体诱发的振动,气焊操作,,修正的NSC准则,TaylorWaters法,拟合公式,,,锻焊结构,,,,,蠕变损伤,内旋转检测系统IRIS,,,弯曲应力,,国产A508Ⅲ钢,,,2A14铝合金,,线性弹性,,,
技术特点,熔池尺寸,,临界应力强度因子,,,功率谱密度,弯曲伸长率,质量保证,,板式换热器,,,,,,,,,LNG汽化器,,,,,,,,,,管道,,,整体制造,,安全联锁完整性等级评估SIL,分析评定,,,,单层带极电渣堆焊,,,,管子管板焊接,,信息管理系统,,换热,流体诱发振动,充放气,,,极限载荷法,线弹簧模型,,,钴基堆焊,,,,,损伤力学,超声波检验,,,局部应力应变,,奥氏体不锈钢三通,,,材料替代,,弹性变形,,,
技术标准,疲劳累积使用系数,,强度焊,,,疲劳累积损伤度,裂纹检出率,循环弹性模量,,换热器管束,,,,,,,,,合成气废热回收加热器,,,,,,,,,,管道设计,,,蠕变设计,,安全性,数理分析,,,,不锈钢堆焊层,,,,管子与管板,,椭圆管,,传热及压降,外流,气体渗碳,,,Master Curve方法,力学方程,,,连体锻焊件,,,,,失效评估曲线,检测装置,,,循环应力应变,,T92铁素体钢,,,5A06铝合金,,低温韧性,,,
关键技术,复杂腐蚀环境,,破裂强度,,,敏化度,翅片效率,吸热量,,螺旋板换热器,,,,,,,,,丁醛转化器,,,,,,,,,,管道缺陷,,,设计理念,,安全性评估,安定分析,,,,内壁母材点腐蚀,,,,固定管板,,换热管稳定性,,感应加热,CO32HCO3溶液,气体爆炸,,,法规体系,现场挂片,,,激光复合焊,,,,,减薄缺陷,基于风险的检验RBI,,,环向应力,,304不锈钢,,,双金属自密封波齿垫片,,稳定性研究,,,
成形技术,晶粒尺寸,,强度标准值,,,最小厚度,,第三、第四当量应力,,U型管换热器,,,,,,,,,补偿器,,,,,,,,,,超级管道,,,按规则设计,,适用性评价,计算机分析,,,,过渡层,,,,大小孔折流板,,盘管,,热影响区脆化,导流区,富氩混合气体保护焊,,,主曲线法,回归方程,,,电渣带极堆焊,,,,,失效压力,荧光磁粉检测,,,应力水平,,铬钼钢,,,稀有金属钽,,服役可靠性,,,
相控阵检测技术,结构尺寸,,强度设计,,,厚度,,涡量,,固定管板式换热器,,,,,,,,,锅炉给水预热器,,,,,,,,,,含缺陷压力管道,,,工艺研究,,安全完整性等级评估,材质分析,,,,热分层,,,,环形管板,,堵管条件,,热成形,涡流检测系统,车用压缩天然气,,,电测法,漏磁场,,,特殊焊炬,,,,,主导失效机制,在用检验,,,应力应变曲线,,钒改进钢,,,哈氏合金,,韧性破坏,,,
安装技术,尺寸参数,,,,,刚度,,铁含量,,集成管箱型管壳式换热器,,,,,,,,,阀芯传感器,,,,,,,,,,城镇燃气聚乙烯管道,,,正交试验设计,,安全性研究,极限载荷分析,,,,外压锥壳,,,,折流板,,衬管,,热响应,流动阻力,压缩天然气,,,迭代方法,Chaboche模型,,,镍基焊材,,,,,表面缺陷,基于风险的检验,,,多维应力状态,,T92钢,,,复合材料增强,,横观各向同性,,,
技术,壳体尺寸,,,,,平板挠度,,质量检查,,浮头换热器,,,,,,,,,传感器安装方法,,,,,,,,,,氢气管道,,,有限元优化设计,,安全完整性等级,分析法补强方法,,,,单层,,,,孔板支撑,,缠绕管,,传热强化,瞬态流场,压缩气体,,,MonteCarlo方法,Paris公式,,,骑座式马鞍型埋弧焊机,,,,,缺陷检测,射线检测,,,水力载荷,,超级双相不锈钢,,,微观金相,,非对称性,,,
子模型技术,模态参数,,,,,长轴长度,,传热量,,,,,,,,,,,外取热器管束,,,,,,,,,,聚乙烯管道,,,设计校核,,安全稳定性,变形分析,,,,缠绕层,,,,熄弧板,,金属软管,,热加工,流体阻力,气密性试验,,,测定方法,韧性换算模型,,,焊补,,,,,塑性失效,常规超声波检测,,,应力限制,,应变强化奥氏体不锈钢,,,复合材料,,脆性,,,
应变强化技术,管与管板角焊缝,,,,,控制厚度,,耐点蚀当量,,,,,,,,,,,氨冷凝器,,,,,,,,,,AP1000主管道,,,补强设计,,,混合分析法,,,,壳程流体,,,,主管板,,钢管,,热压成型,交流电磁场检测,致脆性气体,,,应力分类法,粘弹性模型,,,焊后水冷,,,,,,相控阵检测,,,薄膜应力,,钢丝网套,,,材料拘束,,动特性,,,
统计技术,动态特性系数,,,,,梯度值,,伸长量控制法,,,,,,,,,,,钽加热器,,,,,,,,,,管道响应,,,胀接工艺,,,蠕变分析,,,,表面涂层,,,,刮板结构,,堵管准则,,强化传热,铅液池,扩散氢,,,Omega方法,,,,带极堆焊,,,,,,破坏性检验,,,子午向膜应力,,P92钢,,,耐火材料,,塑性修正因子ρ,,,
技术措施,凹凸结构参数,,,,,接管长度,,弹性模量,,,,,,,,,,,冷却器,,,,,,,,,,核二三级管道,,,分析设计标准,,,热应力耦合分析,,,,顶壁连接处,,,,六分花格板,,半管夹套,,换热关联式,横向流,高压加氢裂化,,,施工方法,,,,90 mm带极堆焊,,,,,,敏感性检验,,,强化应力,,含Mo不锈钢,,,金属尘化,,回火脆性,,,
堆焊技术,蒸汽环境,,,,,等效刚度,,质量优化,,,,,,,,,,,高压洗涤器,,,,,,,,,,高压输气管道,,,加工工艺,,,地震响应分析,,,,壁厚,,,,锆钢复合板,,不锈钢衬管,,VM12耐热钢,流体力,煤制氢,,,内径控制法,,,,平盖堆焊,,,,,,,,,总体一次薄膜应力,,不锈钢,,,SA387Gr11Cl2UNS N08825材料,,非线性规划,,,
TOFD超声检测技术,参数化建模,,,,,管端平面度,,减薄量,,,,,,,,,,,稳压器波动管,,,,,,,,,,聚乙烯燃气管道,,,封头制造与标准,,,理论分析,,,,搪玻璃层,,,,09MnNiDR钢板,,T22钢管,,再热裂纹,对流,去氢,,,一致缺陷模态法,,,,埋弧横焊,,,,,,,,,去应力退火,,铬镍奥氏体不锈钢,,,镍基合金,,活性氧化,,,
多线程控制技术,三维曲面相似系数,,,,,延性断裂韧度,,散热量,,,,,,,,,,,硫铵加热器,,,,,,,,,,燃气管道,,,分析设计法,,,ANSYS分析,,,,壳体,,,,管板焊缝,,无加强型波纹管,,热旋压成型,液压成形,加氢尾油,,,盲孔法,,,,氩弧钎焊,,,,,,,,,应力及应变,,NKHITEN610U2L钢,,,金属内衬,,非线性超声,,,
预应力技术,热角保护结构,,,,,计算长度,,螺栓伸长量,,,,,,,,,,,真空灭菌器,,,,,,,,,,复合管道,,,热力设计,,,系统性分析,,,,圆柱壳构件,,,,梯形波纹板,,P23钢管,,后热,多股流,耐湿硫化氢,,,半面积补强法,,,,不锈钢堆焊金属开裂,,,,,,,,,真应力,,9Ni钢,,,硬质合金,,低温冲击韧性,,,
,车间焊接环境菲绕林试验,,,,,裂纹深度比,,质量检验,,,,,,,,,,,洗涤器,,,,,,,,,,,,,设计瞬态,,,有限元分析,,,,纵流壳程,,,,弓缺形折流板,,扁圆管,,室内供热,流固耦合,加氢裂化,,,Pearson法,,,,冷焊缺陷,,,,,,,,,一次弯曲应力,,225Cr1Mo钢,,,FRP复合材料,,可转移性,,,
,LM参数,,,,,维氏硬度,,侧向膨胀量,,,,,,,,,,,PTA结晶器,,,,,,,,,,,,,设计变更,,,研究分析,,,,厚壁管,,,,06Ni9钢板,,堵管研究,,热斑,流动,加氢精制,,,G28A法,,,,横焊堆焊,,,,,,,,,应力补偿机理,,921A钢,,,熔敷金属,,弹塑性屈曲,,,
,换热系数,,,,,大厚度,,质量符合性验证,,,,,,,,,,,预冷器,,,,,,,,,,,,,寿命设计,,,应力分析,,,,多面壳体,,,,管与管板的连接,,圆管法,,热压缩,涡流检查,氢脆,,,解析方法,,,,,,,,,,,,,主应力方向,,304H奥氏体不锈钢,,,氧化物冶金,,变极性等离子,,,
,参数估计,,,,,高温断裂韧度,,胀形量,,,,,,,,,,,空冷器,,,,,,,,,,,,,顶层设计,,,模态分析,,,,壳接触模型,,,,多孔板,,无加强U形波纹管,,交变热应力,液体渗透检测,加氢,,,工程估算方法,,,,,,,,,,,,,弹性应力,,15MnNi钢,,,Incoloy 800合金,,操作完整性平台,,,
,工业大气环境,,,,,设计厚度,,电阻应变测量,,,,,,,,,,,槽式液体分布器,,,,,,,,,,,,,生产制造工艺改进,,,接管受力分析,,,,多层波纹管,,,,热轧板卷,,聚乙烯管,,热源模型,空气流速,加氢装置,,,释放法,,,,,,,,,,,,,风载荷,,低温高强钢,,,,,弹性地基梁,,,
,应力范围减弱系数,,,,,灵敏度,,核质量分组,,,,,,,,,,,空气预热器,,,,,,,,,,,,,焊接工艺评定,,,抗震分析,,,,氧化层,,,,内管板,,翅片热管,,再热裂纹敏感性,溢流,氢剥离,,,VMD算法,,,,,,,,,,,,,复杂载荷,,P91钢,,,,,磁各向异性,,,
,复合湿硫化氢环境,,,,,管壁厚度,,铁素体含量,,,,,,,,,,,管壳式冷凝器,,,,,,,,,,,,,分析设计,,,脆化分析,,,,球壳板压制,,,,薄板奥氏体不锈钢,,导压管,,焊接热影响区,超临界流体萃取,高温临氢,,,伽辽金法,,,,,,,,,,,,,极限载荷,,SA336F22CL3钢,,,,,非均匀性,,,
,环境污染,,,,,水平刚度,,随机变量,,,,,,,,,,,沉降器,,,,,,,,,,,,,设计规范,,,统计分析,,,,壳单元,,,,爆炸焊复合钢板,,管线钢,,漏热,多相流,加氢站,,,二次加载法,,,,,,,,,,,,,地震载荷,,铸造不锈钢,,,,,循环塑性,,,
,操作参数,,,,,高黏度物料搅拌器,,支持向量机,,,,,,,,,,,油冷却器,,,,,,,,,,,,,芯体制造,,,分析方法,,,,水冷壁管,,,,钛复合板,,长管拖车,,热脱盐水,流场特性,高压临氢,,,外测法,,,,,,,,,,,,,面内开闭弯载荷,,尿素级不锈钢,,,,,各向异性,,,
,几何尺寸,,,,,拘束度,,铁素体量,,,,,,,,,,,反应流出物空冷器,,,,,,,,,,,,,工艺开发,,,腐蚀分析,,,,球壳,,,,特厚板,,对流管,,临界热流,流体弹性不稳定性,硫化氢,,,正交试验法,,,,,,,,,,,,,预紧载荷,,SA335 P91钢,,,,,动态特性,,,
,环境疲劳修正因子,,,,,安全端长度,,调谐质量阻尼器,,,,,,,,,,,板式空气预热器,,,,,,,,,,,,,分析设计准则,,,对比分析,,,,外壳,,,,补板,,监管要求,,传热计算,,氢氧化钠,,,法规,,,,,,,,,,,,,集中载荷,,高强钢,,,,,挠性密封条,,,
,通道角度,,,,,可靠度,,当量圆管,,,,,,,,,,,高压加热器,,,,,,,,,,,,,板材消耗工艺定额,,,风险模糊分析法,,,,水冷壁,,,,顶圆板,,异径弯管,,承压热冲击,,氢致开裂,,,冷压法,,,,,,,,,,,,,双轴载荷,,10CrMo910钢,,,,,双线性,,,
,ANSYS参数化建模,,,,,里氏硬度,,轻量化设计,,,,,,,,,,,冷高压分离器,,,,,,,,,,,,,国产化设计,,,时程分析,,,,修正边界层模型,,,,225Cr1Mo0Cr18Ni11Ti复合钢板,,双套管,,热套衬环,,临氢,,,一次二阶矩法,,,,,,,,,,,,,离心载荷,,含铝钢,,,,,弹性失稳,,,
,外压应力系数B曲线,,,,,全密度反应器,,纵缝直边余量,,,,,,,,,,,高压空冷器,,,,,,,,,,,,,重大工程设计案例,,,裂纹分析,,,,堆焊层开裂,,,,定尺板,,P91钢管,,焊接热输入,,氢鼓泡,,,评定方法,,,,,,,,,,,,,拉脱载荷,,JFEHITEN610U2L钢,,,,,外压稳定性,,,
,大尺寸规格,,,,,轴向刚度,,离散变量,,,,,,,,,,,黄铜热交换器,,,,,,,,,,,,,制造难点,,,分析验证,,,,层间接触摩擦,,,,柔性薄管板,,波纹管膨胀节,,热循环载荷,,高压储氢,,,计算方法,,,,,,,,,,,,,静态载荷,,35CrMoA钢,,,,,变极性TIG,,,
,形状系数,,,,,初始厚度缺陷,,,,,,,,,,,,,三通保护器,,,,,,,,,,,,,分析设计方法,,,LBB分析,,,,再烘干堆叠层数,,,,管板结构,,取热管,,大焊接热输入,,湿硫化氢,,,子程序法,,,,,,,,,,,,,多轴载荷影响,,WH59017MnNiVNbR钢,,,,,韧性补偿,,,
,动力系数法,,,,,热梯度,,,,,,,,,,,,,结晶器,,,,,,,,,,,,,设计方案,,,综合分析,,,,主泵泵壳,,,,开孔折流板,,热电偶套管,,热箱,,制氢,,,反应谱方法,,,,,,,,,,,,,载荷波动,,35Ni钢,,,,,高温完整性,,,
,二维单侧容限系数,,,,,压力降梯度,,,,,,,,,,,,,粘滞阻尼器,,,,,,,,,,,,,设计,,,故障树分析,,,,壁厚计算公式,,,,支持板,,多频管中电流法,,电热,,,,,过载法,,,,,,,,,,,,,临界载荷,,TP347H钢,,,,,声特性,,,
,CT试样尺寸,,,,,塔顶挠度,,,,,,,,,,,,,灭菌器,,,,,,,,,,,,,工艺,,,频谱分析,,,,外护层开裂,,,,顶部板式吊耳,,冷却管束,,真空绝热,,,,,倒装法,,,,,,,,,,,,,脉动风载荷,,08Cr2AlMo钢,,,,,适用性,,,
,线膨胀系数,,,,,超应变度,,,,,,,,,,,,,丙烯腈装置反应气体冷却器,,,,,,,,,,,,,设计区域,,,小波分析,,,,锥壳,,,,管板间隙,,X65管线钢,,二次热循环,,,,,端点衍射法,,,,,,,,,,,,,载荷工况,,应变强化不锈钢S30403,,,,,不均匀性,,,
,管口圆角半径,,,,,布氏硬度,,,,,,,,,,,,,塔器,,,,,,,,,,,,,工艺探讨,,,评定分析,,,,双层管,,,,管板布管区,,Ω型波纹管,,热老化,,,,,BTC方法,,,,,,,,,,,,,均匀预紧载荷,,CrMo钢,,,,,接触特性,,,
,参数识别,,,,,清晰度,,,,,,,,,,,,,LNG气化器,,,,,,,,,,,,,工艺试验和研究,,,力学分析,,,,带径向接管的圆柱壳,,,,不锈钢板片,,下管箱,,局部过热,,,,,θ函数法,,,,,,,,,,,,,动态载荷,,不锈钢锻件,,,,,弹性核,,,
,频谱参数,,,,,厚度效应,,,,,,,,,,,,,余热排出热交换器,,,,,,,,,,,,,制造工艺,,,受力分析,,,,夹层阻尼,,,,无垫板焊接,,Cr5Mo钢管,,焊接热循环,,,,,聚焦法则,,,,,,,,,,,,,屈曲载荷,,07MnNiCrMoVDR钢,,,,,裂纹敏感性,,,
,腐蚀加速效应系数,,,,,相对湿度,,,,,,,,,,,,,表面蒸发空冷器,,,,,,,,,,,,,基于应变设计,,,等几何分析,,,,壳体失稳,,,,SA387 Gr11 Cl2特厚板,,数据库管理系统,,移动热载荷,,,,,切环法,,,,,,,,,,,,,垂直载荷,,渗铝钢,,,,,冷裂纹敏感性,,,
,ANSYS参数化设计语言,,,,,等效厚度模拟非线性有限元,,,,,,,,,,,,,球形进卸料器,,,,,,,,,,,,,焊接工艺评定试验,,,瞬态动力学分析,,,,高真空多层绝热,,,,板翅式传热元件,,汇管,,热裂纹,,,,,温差协调形变法,,,,,,,,,,,,,循环载荷,,20号钢,,,,,使用性,,,
,能力减弱系数,,,,,关联度分析,,,,,,,,,,,,,稀醋酸酐冷凝器,,,,,,,,,,,,,加工制造,,,仿真分析,,,,斜锥壳,,,,托砖盘底板修复,,超高压聚乙烯输送管,,热旋压,,,,,外推法,,,,,,,,,,,,,载荷,,不锈钢316LN,,,,,塑性失稳,,,
,H2S环境,,,,,关联度,,,,,,,,,,,,,内取热器,,,,,,,,,,,,,工艺优化,,,模糊分析,,,,断层错动,,,,管板组件,,蒸汽弯管,,热疲劳,,,,,内燃法,,,,,,,,,,,,,残余预紧载荷,,225Cr1Mo不锈复合钢,,,,,挠性,,,
,拘束参数,,,,,H2S浓度,,,,,,,,,,,,,平行流气冷器,,,,,,,,,,,,,框架式结构设计方法,,,瞬态分析,,,,环壳,,,,厚板对接焊缝,,管线,,热暴露区,,,,,修正算法,,,,,,,,,,,,,径向载荷,,钢材,,,,,有效弹性常数,,,
,深度系数,,,,,梯度,,,,,,,,,,,,,凝汽器,,,,,,,,,,,,,堵头设计,,,随机分析,,,,地震断层,,,,热轧不锈钢复合钢板,,扭曲扁管,,热冲压成型,,,,,修正弹性补偿法,,,,,,,,,,,,,载荷组合,,15MnNiNbDR钢,,,,,弹塑性本构,,,
,参数优化,,,,,流量分配不均匀度,,,,,,,,,,,,,一次性补偿器,,,,,,,,,,,,,胀接工艺评定,,,分析,,,,球壳板,,,,钢板超声检测,,钛管,,流动与传热,,,,,线性匹配方法,,,,,,,,,,,,,载荷路径,,T92P92钢,,,,,相关性,,,
,折减系数,,,,,平面度,,,,,,,,,,,,,,,,,,,,,,,,,,新工艺,,,密封分析,,,,壳程,,,,双管板,,油套管,,过热损伤,,,,,线性匹配法,,,,,,,,,,,,,变幅载荷,,SA5083钢,,,,,非线性,,,
,工艺参数,,,,,冷却速度,,,,,,,,,,,,,,,,,,,,,,,,,,设计载荷,,,场协同分析,,,,中性层,,,,钛钢复合板,,缩放管,,红外热成像,,,,,磁性测定法,,,,,,,,,,,,,外载荷,,高级不锈钢,,,,,防止塑性垮塌,,,
,腐蚀环境,,,,,翅片高度,,,,,,,,,,,,,,,,,,,,,,,,,,纤维缠绕层设计,,,热应力分析,,,,,,,,复合板,,主管,,热膨胀差,,,,,,,,,,,,,,,,,,,,双钢,,,,,,,,
,应力集中系数,,,,,扭曲管轴向刚度,,,,,,,,,,,,,,,,,,,,,,,,,,关键制造工艺,,,热棘轮分析,,,,,,,,钢板,,现役管线移位,,热应力,,,,,,,,,,,,,,,,,,,,16MnR钢,,,,,,,,
,参数设计,,,,,动态刚度,,,,,,,,,,,,,,,,,,,,,,,,,,程序设计,,,TOFD图像分析,,,,,,,,波纹板片,,波纹管,,传热准则式,,,,,,,,,,,,,,,,,,,,SA240S31803双相不锈钢,,,,,,,,
,结构参数,,,,,腐蚀深度,,,,,,,,,,,,,,,,,,,,,,,,,,焚烧工艺,,,腐蚀原因分析,,,,,,,,管板计算,,管嘴,,相变传热,,,,,,,,,,,,,,,,,,,,碳钢,,,,,,,,
,应力增大系数,,,,,胀接程度,,,,,,,,,,,,,,,,,,,,,,,,,,远程协同设计系统,,,稳定性分析,,,,,,,,换热管与管板,,管系,,动态换热边界,,,,,,,,,,,,,,,,,,,,不锈钢网丝,,,,,,,,
,传热系数,,,,,清洁度控制,,,,,,,,,,,,,,,,,,,,,,,,,,协同优化设计,,,适应性分析,,,,,,,,弓形折流板,,管束套装,,热振幅曲线法,,,,,,,,,,,,,,,,,,,,钢棒,,,,,,,,
,火灾环境,,,,,垂直度控制,,,,,,,,,,,,,,,,,,,,,,,,,,成形工艺,,,弹性分析,,,,,,,,管子管板,,加热套管,,传热与压降,,,,,,,,,,,,,,,,,,,,锰镍钼低合金钢,,,,,,,,
,环境影响疲劳,,,,,灰度图像,,,,,,,,,,,,,,,,,,,,,,,,,,加强圈设计,,,弹塑性应力分析,,,,,,,,Ta1TA1Q345R复合板焊接,,内管材料,,热偶,,,,,,,,,,,,,,,,,,,,347型不锈钢,,,,,,,,
,管板角焊缝,,,,,单位周期流道轴向长度,,,,,,,,,,,,,,,,,,,,,,,,,,局部法兰夹具设计,,,非线性有限元分析,,,,,,,,支撑板,,管线钢管,,换热阻力特性,,,,,,,,,,,,,,,,,,,,柔性石墨不锈钢波齿复合垫片,,,,,,,,
,射线角度,,,,,制度体系,,,,,,,,,,,,,,,,,,,,,,,,,,内胆设计,,,弹性应力分析,,,,,,,,管与管板焊接,,导汽管,,流动和传热特性,,,,,,,,,,,,,,,,,,,,,,,,,,,,
,管座角焊缝,,,,,制度安排,,,,,,,,,,,,,,,,,,,,,,,,,,60年设计寿命,,,非线性分析,,,,,,,,镍基复合钢板,,复合中空热管,,传热与阻力特性,,,,,,,,,,,,,,,,,,,,,,,,,,,,
,角位移,,,,,名义厚度,,,,,,,,,,,,,,,,,,,,,,,,,,制造缺陷,,,简化弹塑性分析,,,,,,,,双面复合板,,火炬管网,,换热特性,,,,,,,,,,,,,,,,,,,,,,,,,,,,
,自紧式八角垫,,,,,柔度变化率,,,,,,,,,,,,,,,,,,,,,,,,,,夹具设计准则,,,弹塑性分析法,,,,,,,,堵板,,装车汇管,,热强性,,,,,,,,,,,,,,,,,,,,,,,,,,,,
,裂纹尖端张开角,,,,,高密度聚乙烯HDPE,,,,,,,,,,,,,,,,,,,,,,,,,,设计材料,,,非弹性分析,,,,,,,,12Cr2Mo1R厚板,,椭圆翅片管,,,,,,,,,,,,,,,,,,,,,,,,,,,,,,
,动态弯折角,,,,,切口深度,,,,,,,,,,,,,,,,,,,,,,,,,,塑性设计,,,特性分析,,,,,,,,隔板,,取样管线,,,,,,,,,,,,,,,,,,,,,,,,,,,,,,
,裂纹夹角,,,,,卷制圆度,,,,,,,,,,,,,,,,,,,,,,,,,,,,,塑性极限分析,,,,,,,,环板,,胀管后检查,,,,,,,,,,,,,,,,,,,,,,,,,,,,,,
,双楔角环垫,,,,,透照厚度,,,,,,,,,,,,,,,,,,,,,,,,,,,,,线弹性应力分析,,,,,,,,不锈钢板翅结构,,进水管,,,,,,,,,,,,,,,,,,,,,,,,,,,,,,
,倒角,,,,,热处理制度,,,,,,,,,,,,,,,,,,,,,,,,,,,,,安定性分析,,,,,,,,最大板厚,,管箱结构,,,,,,,,,,,,,,,,,,,,,,,,,,,,,,
,动态弯折角β,,,,,显微硬度,,,,,,,,,,,,,,,,,,,,,,,,,,,,,弹塑性有限元分析,,,,,,,,挠性薄管板,,铸铁管,,,,,,,,,,,,,,,,,,,,,,,,,,,,,,
,八角垫,,,,,临界横流速度,,,,,,,,,,,,,,,,,,,,,,,,,,,,,弹塑性疲劳分析,,,,,,,,挠性管板,,顶张力立管,,,,,,,,,,,,,,,,,,,,,,,,,,,,,,
,排列角,,,,,精度,,,,,,,,,,,,,,,,,,,,,,,,,,,,,弹塑性分析,,,,,,,,,,管箱,,,,,,,,,,,,,,,,,,,,,,,,,,,,,,
,棱角区,,,,,硬度,,,,,,,,,,,,,,,,,,,,,,,,,,,,,对称载荷分析弹性基础板,,,,,,,,,,钉头管,,,,,,,,,,,,,,,,,,,,,,,,,,,,,,
,,,,,,绝热层厚度,,,,,,,,,,,,,,,,,,,,,,,,,,,,,塑性分析,,,,,,,,,,高温热管翅,,,,,,,,,,,,,,,,,,,,,,,,,,,,,,
,,,,,,,,,,,,,,,,,,,,,,,,,,,,,,,,,,,,,,,,,,,,,周边不布管区,,,,,,,,,,,,,,,,,,,,,,,,,,,,,,
,,,,,,,,,,,,,,,,,,,,,,,,,,,,,,,,,,,,,,,,,,,,,入口集合管,,,,,,,,,,,,,,,,,,,,,,,,,,,,,,
,,,,,,,,,,,,,,,,,,,,,,,,,,,,,,,,,,,,,,,,,,,,,出口管,,,,,,,,,,,,,,,,,,,,,,,,,,,,,,
,,,,,,,,,,,,,,,,,,,,,,,,,,,,,,,,,,,,,,,,,,,,,城市燃气管网,,,,,,,,,,,,,,,,,,,,,,,,,,,,,,
,,,,,,,,,,,,,,,,,,,,,,,,,,,,,,,,,,,,,,,,,,,,,油气管线,,,,,,,,,,,,,,,,,,,,,,,,,,,,,,
,,,,,,,,,,,,,,,,,,,,,,,,,,,,,,,,,,,,,,,,,,,,,混合管束,,,,,,,,,,,,,,,,,,,,,,,,,,,,,,
,,,,,,,,,,,,,,,,,,,,,,,,,,,,,,,,,,,,,,,,,,,,,天然气管线,,,,,,,,,,,,,,,,,,,,,,,,,,,,,,
,,,,,,,,,,,,,,,,,,,,,,,,,,,,,,,,,,,,,,,,,,,,,内冷管组,,,,,,,,,,,,,,,,,,,,,,,,,,,,,,
,,,,,,,,,,,,,,,,,,,,,,,,,,,,,,,,,,,,,,,,,,,,,三维翅片管,,,,,,,,,,,,,,,,,,,,,,,,,,,,,,
,,,,,,,,,,,,,,,,,,,,,,,,,,,,,,,,,,,,,,,,,,,,,半管盘管,,,,,,,,,,,,,,,,,,,,,,,,,,,,,,
,,,,,,,,,,,,,,,,,,,,,,,,,,,,,,,,,,,,,,,,,,,,,排污管,,,,,,,,,,,,,,,,,,,,,,,,,,,,,,
,,,,,,,,,,,,,,,,,,,,,,,,,,,,,,,,,,,,,,,,,,,,,支管,,,,,,,,,,,,,,,,,,,,,,,,,,,,,,
,,,,,,,,,,,,,,,,,,,,,,,,,,,,,,,,,,,,,,,,,,,,,绕管,,,,,,,,,,,,,,,,,,,,,,,,,,,,,,
,,,,,,,,,,,,,,,,,,,,,,,,,,,,,,,,,,,,,,,,,,,,,缩径管段,,,,,,,,,,,,,,,,,,,,,,,,,,,,,,
,,,,,,,,,,,,,,,,,,,,,,,,,,,,,,,,,,,,,,,,,,,,,不锈钢小径管,,,,,,,,,,,,,,,,,,,,,,,,,,,,,,
,,,,,,,,,,,,,,,,,,,,,,,,,,,,,,,,,,,,,,,,,,,,,半圆管夹套,,,,,,,,,,,,,,,,,,,,,,,,,,,,,,
,,,,,,,,,,,,,,,,,,,,,,,,,,,,,,,,,,,,,,,,,,,,,换热管,,,,,,,,,,,,,,,,,,,,,,,,,,,,,,
,,,,,,,,,,,,,,,,,,,,,,,,,,,,,,,,,,,,,,,,,,,,,钢带缠绕增强复合管,,,,,,,,,,,,,,,,,,,,,,,,,,,,,,
,,,,,,,,,,,,,,,,,,,,,,,,,,,,,,,,,,,,,,,,,,,,,Ω形波纹管,,,,,,,,,,,,,,,,,,,,,,,,,,,,,,
,,,,,,,,,,,,,,,,,,,,,,,,,,,,,,,,,,,,,,,,,,,,,X70管线钢,,,,,,,,,,,,,,,,,,,,,,,,,,,,,,
,,,,,,,,,,,,,,,,,,,,,,,,,,,,,,,,,,,,,,,,,,,,,镍基合金换热管,,,,,,,,,,,,,,,,,,,,,,,,,,,,,,
,,,,,,,,,,,,,,,,,,,,,,,,,,,,,,,,,,,,,,,,,,,,,管网拓扑,,,,,,,,,,,,,,,,,,,,,,,,,,,,,,
,,,,,,,,,,,,,,,,,,,,,,,,,,,,,,,,,,,,,,,,,,,,,X80管线钢,,,,,,,,,,,,,,,,,,,,,,,,,,,,,,
,,,,,,,,,,,,,,,,,,,,,,,,,,,,,,,,,,,,,,,,,,,,,C形管,,,,,,,,,,,,,,,,,,,,,,,,,,,,,,
,,,,,,,,,,,,,,,,,,,,,,,,,,,,,,,,,,,,,,,,,,,,,布管方式,,,,,,,,,,,,,,,,,,,,,,,,,,,,,,
,,,,,,,,,,,,,,,,,,,,,,,,,,,,,,,,,,,,,,,,,,,,,翅片缩放管式蓄热体,,,,,,,,,,,,,,,,,,,,,,,,,,,,,,
,,,,,,,,,,,,,,,,,,,,,,,,,,,,,,,,,,,,,,,,,,,,,多跨管,,,,,,,,,,,,,,,,,,,,,,,,,,,,,,
,,,,,,,,,,,,,,,,,,,,,,,,,,,,,,,,,,,,,,,,,,,,,X80钢管,,,,,,,,,,,,,,,,,,,,,,,,,,,,,,
,,,,,,,,,,,,,,,,,,,,,,,,,,,,,,,,,,,,,,,,,,,,,套管,,,,,,,,,,,,,,,,,,,,,,,,,,,,,,
,,,,,,,,,,,,,,,,,,,,,,,,,,,,,,,,,,,,,,,,,,,,,圆管盘管,,,,,,,,,,,,,,,,,,,,,,,,,,,,,,
,,,,,,,,,,,,,,,,,,,,,,,,,,,,,,,,,,,,,,,,,,,,,动态风险监管,,,,,,,,,,,,,,,,,,,,,,,,,,,,,,
,,,,,,,,,,,,,,,,,,,,,,,,,,,,,,,,,,,,,,,,,,,,,反应管,,,,,,,,,,,,,,,,,,,,,,,,,,,,,,
,,,,,,,,,,,,,,,,,,,,,,,,,,,,,,,,,,,,,,,,,,,,,X80级管线钢,,,,,,,,,,,,,,,,,,,,,,,,,,,,,,
,,,,,,,,,,,,,,,,,,,,,,,,,,,,,,,,,,,,,,,,,,,,,液态金属热管,,,,,,,,,,,,,,,,,,,,,,,,,,,,,,
,,,,,,,,,,,,,,,,,,,,,,,,,,,,,,,,,,,,,,,,,,,,,波节换热管,,,,,,,,,,,,,,,,,,,,,,,,,,,,,,
,,,,,,,,,,,,,,,,,,,,,,,,,,,,,,,,,,,,,,,,,,,,,内管泄漏,,,,,,,,,,,,,,,,,,,,,,,,,,,,,,
,,,,,,,,,,,,,,,,,,,,,,,,,,,,,,,,,,,,,,,,,,,,,C形传热管,,,,,,,,,,,,,,,,,,,,,,,,,,,,,,
,,,,,,,,,,,,,,,,,,,,,,,,,,,,,,,,,,,,,,,,,,,,,给水管嘴,,,,,,,,,,,,,,,,,,,,,,,,,,,,,,
,,,,,,,,,,,,,,,,,,,,,,,,,,,,,,,,,,,,,,,,,,,,,隧道管,,,,,,,,,,,,,,,,,,,,,,,,,,,,,,
,,,,,,,,,,,,,,,,,,,,,,,,,,,,,,,,,,,,,,,,,,,,,普通高温热管,,,,,,,,,,,,,,,,,,,,,,,,,,,,,,
,,,,,,,,,,,,,,,,,,,,,,,,,,,,,,,,,,,,,,,,,,,,,管束,,,,,,,,,,,,,,,,,,,,,,,,,,,,,,
,,,,,,,,,,,,,,,,,,,,,,,,,,,,,,,,,,,,,,,,,,,,,胀管轮廓,,,,,,,,,,,,,,,,,,,,,,,,,,,,,,
,,,,,,,,,,,,,,,,,,,,,,,,,,,,,,,,,,,,,,,,,,,,,防磨套管,,,,,,,,,,,,,,,,,,,,,,,,,,,,,,
,,,,,,,,,,,,,,,,,,,,,,,,,,,,,,,,,,,,,,,,,,,,,扭曲管,,,,,,,,,,,,,,,,,,,,,,,,,,,,,,
,,,,,,,,,,,,,,,,,,,,,,,,,,,,,,,,,,,,,,,,,,,,,蛇形管,,,,,,,,,,,,,,,,,,,,,,,,,,,,,,
,,,,,,,,,,,,,,,,,,,,,,,,,,,,,,,,,,,,,,,,,,,,,复合管,,,,,,,,,,,,,,,,,,,,,,,,,,,,,,
,,,,,,,,,,,,,,,,,,,,,,,,,,,,,,,,,,,,,,,,,,,,,管理,,,,,,,,,,,,,,,,,,,,,,,,,,,,,,
,,,,,,,,,,,,,,,,,,,,,,,,,,,,,,,,,,,,,,,,,,,,,现场换管,,,,,,,,,,,,,,,,,,,,,,,,,,,,,,
,,,,,,,,,,,,,,,,,,,,,,,,,,,,,,,,,,,,,,,,,,,,,加氢裂化装置排凝管,,,,,,,,,,,,,,,,,,,,,,,,,,,,,,
,,,,,,,,,,,,,,,,,,,,,,,,,,,,,,,,,,,,,,,,,,,,,高压钢管,,,,,,,,,,,,,,,,,,,,,,,,,,,,,,
,,,,,,,,,,,,,,,,,,,,,,,,,,,,,,,,,,,,,,,,,,,,,渗铝管,,,,,,,,,,,,,,,,,,,,,,,,,,,,,,
,,,,,,,,,,,,,,,,,,,,,,,,,,,,,,,,,,,,,,,,,,,,,热管,,,,,,,,,,,,,,,,,,,,,,,,,,,,,,
,,,,,,,,,,,,,,,,,,,,,,,,,,,,,,,,,,,,,,,,,,,,,无缝钢管,,,,,,,,,,,,,,,,,,,,,,,,,,,,,,
,,,,,,,,,,,,,,,,,,,,,,,,,,,,,,,,,,,,,,,,,,,,,配气管网,,,,,,,,,,,,,,,,,,,,,,,,,,,,,,
,,,,,,,,,,,,,,,,,,,,,,,,,,,,,,,,,,,,,,,,,,,,,传热管,,,,,,,,,,,,,,,,,,,,,,,,,,,,,,
,,,,,,,,,,,,,,,,,,,,,,,,,,,,,,,,,,,,,,,,,,,,,等弦波形管,,,,,,,,,,,,,,,,,,,,,,,,,,,,,,
,,,,,,,,,,,,,,,,,,,,,,,,,,,,,,,,,,,,,,,,,,,,,主蒸汽管,,,,,,,,,,,,,,,,,,,,,,,,,,,,,,
,,,,,,,,,,,,,,,,,,,,,,,,,,,,,,,,,,,,,,,,,,,,,管端焊,,,,,,,,,,,,,,,,,,,,,,,,,,,,,,
,,,,,,,,,,,,,,,,,,,,,,,,,,,,,,,,,,,,,,,,,,,,,重力热管,,,,,,,,,,,,,,,,,,,,,,,,,,,,,,
,,,,,,,,,,,,,,,,,,,,,,,,,,,,,,,,,,,,,,,,,,,,,U形波纹管,,,,,,,,,,,,,,,,,,,,,,,,,,,,,,
,,,,,,,,,,,,,,,,,,,,,,,,,,,,,,,,,,,,,,,,,,,,,胀管区,,,,,,,,,,,,,,,,,,,,,,,,,,,,,,
,,,,,,,,,,,,,,,,,,,,,,,,,,,,,,,,,,,,,,,,,,,,,高温管线,,,,,,,,,,,,,,,,,,,,,,,,,,,,,,
,,,,,,,,,,,,,,,,,,,,,,,,,,,,,,,,,,,,,,,,,,,,,翅片管,,,,,,,,,,,,,,,,,,,,,,,,,,,,,,
,,,,,,,,,,,,,,,,,,,,,,,,,,,,,,,,,,,,,,,,,,,,,机械胀管,,,,,,,,,,,,,,,,,,,,,,,,,,,,,,
,,,,,,,,,,,,,,,,,,,,,,,,,,,,,,,,,,,,,,,,,,,,,CRDM管座,,,,,,,,,,,,,,,,,,,,,,,,,,,,,,
,,,,,,,,,,,,,,,,,,,,,,,,,,,,,,,,,,,,,,,,,,,,,中频加热弯管,,,,,,,,,,,,,,,,,,,,,,,,,,,,,,
,,,,,,,,,,,,,,,,,,,,,,,,,,,,,,,,,,,,,,,,,,,,,高压气管线,,,,,,,,,,,,,,,,,,,,,,,,,,,,,,
,,,,,,,,,,,,,,,,,,,,,,,,,,,,,,,,,,,,,,,,,,,,,N型管箱,,,,,,,,,,,,,,,,,,,,,,,,,,,,,,
,,,,,,,,,,,,,,,,,,,,,,,,,,,,,,,,,,,,,,,,,,,,,2RE69Zr702双金属管,,,,,,,,,,,,,,,,,,,,,,,,,,,,,,
,,,,,,,,,,,,,,,,,,,,,,,,,,,,,,,,,,,,,,,,,,,,,安注管,,,,,,,,,,,,,,,,,,,,,,,,,,,,,,
,,,,,,,,,,,,,,,,,,,,,,,,,,,,,,,,,,,,,,,,,,,,,爆管事故,,,,,,,,,,,,,,,,,,,,,,,,,,,,,,
,,,,,,,,,,,,,,,,,,,,,,,,,,,,,,,,,,,,,,,,,,,,,换热管轴向应力,,,,,,,,,,,,,,,,,,,,,,,,,,,,,,
,,,,,,,,,,,,,,,,,,,,,,,,,,,,,,,,,,,,,,,,,,,,,酸性服役钢管,,,,,,,,,,,,,,,,,,,,,,,,,,,,,,
